# This file uses meters as units for non-parametric coordinates.

mtllib WallLoPoly.mtl
g default
v -0.000006 0.000000 399.999969
v -0.000009 0.000000 403.125000
v 0.000003 0.000000 406.250000
v -0.000003 0.000000 409.375000
v -0.000006 0.000000 412.500000
v -0.000003 0.000000 415.625000
v -0.000003 0.000000 418.750000
v -0.000006 0.000000 421.875000
v -0.000006 0.000000 424.999969
v 0.000000 0.000000 428.125000
v -0.000006 0.000000 431.249969
v -0.000003 0.000000 434.375000
v -0.000003 0.000000 437.499969
v -0.000003 0.000000 440.624969
v -0.000003 0.000000 443.749969
v -0.000003 0.000000 446.874969
v -0.000003 0.000000 449.999969
v -0.000003 0.000000 453.124969
v -0.000003 0.000000 456.249969
v -0.000003 0.000000 459.374969
v -0.000003 0.000000 462.499969
v -0.000003 0.000000 465.624969
v -0.000003 0.000000 468.749969
v -0.000009 0.000000 471.874969
v -0.000003 0.000000 474.999969
v -0.000003 0.000000 478.124969
v -0.000006 0.000000 481.249969
v -0.000006 0.000000 484.374969
v 0.000000 0.000000 487.499969
v -0.000006 0.000000 490.624939
v -0.000012 0.000000 493.749969
v 0.000003 0.000000 496.874939
v 0.000000 0.000000 500.000000
v -0.000006 3.125001 399.999969
v -0.305215 3.125001 403.125000
v 0.012149 3.125001 406.250000
v -0.009251 3.125001 409.375000
v -0.209589 3.125001 412.500000
v -0.342641 3.125001 415.625000
v 0.222392 3.125001 418.750000
v 0.070303 3.125001 421.875000
v -0.828976 3.125001 424.999969
v -0.400365 3.125001 428.125000
v -0.241240 3.125001 431.249969
v -0.503396 3.125001 434.375000
v -0.558439 3.125001 437.499969
v -0.426290 3.125001 440.624969
v -0.503346 3.125001 443.749969
v -0.102190 3.125001 446.874969
v 0.366365 3.125001 449.999969
v 0.321714 3.125001 453.124969
v -0.072506 3.125001 456.249969
v -0.391029 3.125001 459.374969
v -0.435663 3.125001 462.499969
v -0.267318 3.125001 465.624969
v -0.439920 3.125001 468.749969
v 0.381257 3.125001 471.874969
v -0.000003 3.125001 474.999969
v 0.626832 3.125001 478.124969
v 0.493860 3.125001 481.249969
v 0.677064 3.125001 484.374969
v 0.845300 3.125001 487.499969
v 0.028417 3.125001 490.624939
v -0.495135 3.125001 493.749969
v -0.134265 3.125001 496.874939
v 0.000000 3.125001 500.000000
v -0.000006 6.250001 399.999969
v -0.419586 6.250001 403.125000
v -0.635211 6.250001 406.250000
v -0.535612 6.250001 409.375000
v -0.596843 6.250001 412.500000
v -0.679677 6.250001 415.625000
v -0.598021 6.250001 418.750000
v -0.585279 6.250001 421.875000
v -0.545952 6.250001 424.999969
v -0.578041 6.250001 428.125000
v -0.673950 6.250001 431.249969
v -0.654353 6.250001 434.375000
v -0.048996 6.250001 437.499969
v -0.110357 6.250001 440.624969
v -0.653333 6.250001 443.749969
v -0.181795 6.250001 446.874969
v 0.205087 6.250001 449.999969
v 0.294398 6.250001 453.124969
v -0.015780 6.250001 456.249969
v -0.264206 6.250001 459.374969
v -0.358312 6.250001 462.499969
v -0.018950 6.250001 465.624969
v -0.489738 6.250001 468.749969
v -0.141821 6.250001 471.874969
v -0.365427 6.250001 474.999969
v -0.548069 6.250001 478.124969
v -0.445977 6.250001 481.249969
v 0.111040 6.250001 484.374969
v 0.125128 6.250001 487.499969
v -0.245221 6.250001 490.624939
v 0.519837 6.250001 493.749969
v 0.887196 6.250001 496.874939
v -0.737327 6.250001 500.000000
v -0.000006 9.375002 399.999969
v -0.142411 9.375002 403.125000
v -0.278023 9.375002 406.250000
v -0.111840 9.375002 409.375000
v -0.461536 9.375002 412.500000
v -0.741766 9.375002 415.625000
v -0.366244 9.375002 418.750000
v 0.018052 9.375002 421.875000
v 0.136862 9.375002 424.999969
v -0.208834 9.375002 428.125000
v -0.376494 9.375002 431.249969
v -0.347355 9.375002 434.375000
v 0.132110 9.375002 437.499969
v -0.061490 9.375002 440.624969
v -0.689339 9.375002 443.749969
v -0.736989 9.375002 446.874969
v -0.782820 9.375002 449.999969
v -0.893342 9.375002 453.124969
v -0.752426 9.375002 456.249969
v -0.588068 9.375002 459.374969
v -0.539573 9.375002 462.499969
v -0.722510 9.375002 465.624969
v -0.599826 9.375002 468.749969
v 0.195716 9.375002 471.874969
v 0.400264 9.375002 474.999969
v 0.063774 9.375002 478.124969
v -0.216890 9.375002 481.249969
v -0.108320 9.375002 484.374969
v -0.129617 9.375002 487.499969
v -0.551548 9.375002 490.624939
v -0.000012 9.375002 493.749969
v 0.000003 9.375002 496.874939
v -0.865652 9.375002 500.000000
v -0.000006 12.500003 399.999969
v -0.335459 12.500003 403.125000
v -0.579061 12.500003 406.250000
v -0.654269 12.500003 409.375000
v -0.256130 12.500003 412.500000
v -0.111392 12.500003 415.625000
v -0.555766 12.500003 418.750000
v -0.780348 12.500003 421.875000
v -0.796890 12.500003 424.999969
v -0.649473 12.500006 428.125000
v -0.267833 12.500003 431.249969
v -0.144489 12.500003 434.375000
v -0.042529 12.500003 437.499969
v -0.209594 12.500003 440.624969
v -0.118869 12.500003 443.749969
v 0.308182 12.500003 446.874969
v 0.380031 12.500003 449.999969
v -0.101955 12.500003 453.124969
v 0.049931 12.500003 456.249969
v 0.066979 12.500003 459.374969
v 0.252762 12.500003 462.499969
v -0.117145 12.500003 465.624969
v 0.426971 12.500000 468.749969
v 0.744657 12.500006 471.874969
v 0.945875 12.500003 474.999969
v 0.493097 12.500003 478.124969
v -0.056900 12.500003 481.249969
v 0.099474 12.500003 484.374969
v 0.041027 12.500003 487.499969
v -0.307522 12.500003 490.624939
v -0.000012 12.500003 493.749969
v 0.838933 12.500000 496.874939
v 0.000000 12.500003 500.000000
v -0.000006 15.625004 399.999969
v -0.141762 15.625004 403.125000
v -0.256187 15.625004 406.250000
v -0.561804 15.625004 409.375000
v -0.656242 15.625004 412.500000
v -0.487432 15.625004 415.625000
v -0.719938 15.625004 418.750000
v -0.333266 15.625004 421.875000
v -0.544515 15.625004 424.999969
v 0.000263 15.625004 428.125000
v -0.353105 15.625004 431.249969
v -0.134557 15.625004 434.375000
v -0.675006 15.625004 437.499969
v -0.797244 15.625004 440.624969
v 0.091226 15.625004 443.749969
v 0.730285 15.625004 446.874969
v 0.826523 15.625004 449.999969
v 0.264826 15.625004 453.124969
v 0.585318 15.625004 456.249969
v -0.399308 15.625004 459.374969
v -0.340664 15.625004 462.499969
v -0.460588 15.625004 465.624969
v 0.684221 15.625004 468.749969
v -0.000009 15.625004 471.874969
v 0.710441 15.625004 474.999969
v 0.221397 15.625004 478.124969
v -0.574923 15.625004 481.249969
v -0.131412 15.625004 484.374969
v -0.181018 15.625004 487.499969
v -0.513022 15.625004 490.624939
v 0.326236 15.625004 493.749969
v 0.524715 15.625004 496.874939
v -0.891036 15.625004 500.000000
v -0.000006 18.750004 399.999969
v -0.187194 18.750004 403.125000
v -0.104563 18.750004 406.250000
v -0.512954 18.750004 409.375000
v -0.346910 18.750004 412.500000
v -0.093652 18.750004 415.625000
v -0.414733 18.750004 418.750000
v -0.072990 18.750004 421.875000
v -0.361156 18.750004 424.999969
v 0.259573 18.750004 428.125000
v -0.217727 18.750004 431.249969
v -0.002661 18.750004 434.375000
v -0.330547 18.750004 437.499969
v -0.150056 18.750004 440.624969
v -0.177315 18.750004 443.749969
v 0.231896 18.750004 446.874969
v 0.733996 18.750004 449.999969
v 0.248514 18.750004 453.124969
v 0.699227 18.750004 456.249969
v -0.075486 18.750004 459.374969
v -0.035614 18.750004 462.499969
v -0.165087 18.750004 465.624969
v 0.212277 18.750004 468.749969
v 0.405594 18.750004 471.874969
v 0.092954 18.750004 474.999969
v -0.358056 18.750004 478.124969
v -0.526871 18.750004 481.249969
v -0.007874 18.750004 484.374969
v 0.021907 18.750004 487.499969
v -0.427497 18.750004 490.624939
v -0.607223 18.750004 493.749969
v -0.432345 18.750004 496.874939
v 0.000000 18.750004 500.000000
v -0.000006 21.875006 399.999969
v -0.578026 21.875006 403.125000
v -0.266228 21.875006 406.250000
v -0.533870 21.875006 409.375000
v -0.038284 21.875006 412.500000
v 0.208650 21.875006 415.625000
v -0.156820 21.875006 418.750000
v -0.189327 21.875006 421.875000
v -0.504848 21.875006 424.999969
v 0.244073 21.875002 428.125000
v -0.263000 21.875006 431.249969
v -0.055566 21.875006 434.375000
v -0.448688 21.875006 437.499969
v -0.131427 21.875006 440.624969
v -0.071088 21.875006 443.749969
v -0.349500 21.875006 446.874969
v 0.253850 21.875006 449.999969
v -0.093162 21.875006 453.124969
v 0.136644 21.875006 456.249969
v -0.356176 21.875006 459.374969
v -0.093414 21.875006 462.499969
v -0.278064 21.875006 465.624969
v -0.437523 21.875006 468.749969
v -0.329933 21.875006 471.874969
v -0.479380 21.875006 474.999969
v -0.321791 21.875006 478.124969
v -0.312795 21.875006 481.249969
v -0.544460 21.875006 484.374969
v -0.617010 21.875008 487.499969
v -0.678347 21.875006 490.624939
v -0.624242 21.875006 493.749969
v -0.305336 21.875006 496.874939
v 0.000000 21.875006 500.000000
v -0.000006 25.000006 399.999969
v -0.305245 25.000006 403.125000
v -0.641413 25.000006 406.250000
v -0.483055 25.000006 409.375000
v 0.016146 25.000006 412.500000
v 0.016670 25.000006 415.625000
v -0.234276 25.000006 418.750000
v -0.513150 25.000006 421.875000
v -0.664442 25.000006 424.999969
v -0.057994 25.000006 428.125000
v -0.504478 25.000006 431.249969
v -0.492614 25.000006 434.375000
v -0.373937 25.000006 437.499969
v -0.008606 25.000006 440.624969
v -0.035544 25.000006 443.749969
v -0.394572 25.000008 446.874969
v -0.398003 25.000006 449.999969
v -0.490707 25.000006 453.124969
v -0.614653 25.000006 456.249969
v -0.395708 25.000006 459.374969
v -0.252095 25.000006 462.499969
v -0.457312 25.000006 465.624969
v -0.807492 25.000006 468.749969
v -0.804691 25.000006 471.874969
v -0.492233 25.000008 474.999969
v -0.095091 25.000006 478.124969
v -0.040495 25.000006 481.249969
v -0.428929 25.000006 484.374969
v -0.293509 25.000006 487.499969
v -0.400997 25.000006 490.624939
v -0.215080 25.000006 493.749969
v 0.198247 25.000006 496.874939
v 0.000000 25.000006 500.000000
v -0.000006 28.125006 399.999969
v -0.068975 28.125006 403.125000
v -0.608459 28.125008 406.250000
v -0.067972 28.125006 409.375000
v -0.105720 28.125006 412.500000
v -0.750919 28.125006 415.625000
v -0.176984 28.125006 418.750000
v -0.071602 28.125006 421.875000
v -0.379617 28.125006 424.999969
v -0.575896 28.125006 428.125000
v -0.665434 28.125006 431.249969
v -0.202419 28.125006 434.375000
v -0.392020 28.125006 437.499969
v -0.167754 28.125006 440.624969
v -0.346561 28.125006 443.749969
v -0.202533 28.125006 446.874969
v 0.092802 28.125006 449.999969
v -0.014010 28.125006 453.124969
v -0.452004 28.125008 456.249969
v -0.133289 28.125006 459.374969
v 0.090028 28.125006 462.499969
v -0.185938 28.125006 465.624969
v -0.648800 28.125006 468.749969
v -0.502949 28.125006 471.874969
v -0.416835 28.125006 474.999969
v 0.031727 28.125006 478.124969
v 0.192481 28.125006 481.249969
v -0.276281 28.125006 484.374969
v -0.045833 28.125006 487.499969
v -0.224216 28.125006 490.624939
v -0.096041 28.125006 493.749969
v 0.145323 28.125006 496.874939
v 0.000000 28.125006 500.000000
v -0.000006 31.250008 399.999969
v -0.192081 31.250008 403.125000
v -0.771091 31.250008 406.250000
v -0.469630 31.250008 409.375000
v -0.267876 31.250008 412.500000
v -0.254339 31.250008 415.625000
v -0.569121 31.250008 418.750000
v -0.588292 31.250008 421.875000
v -0.797882 31.250008 424.999969
v -0.659026 31.250010 428.125000
v -0.595495 31.250008 431.249969
v -0.392418 31.250008 434.375000
v -0.563194 31.250008 437.499969
v 0.225444 31.250008 440.624969
v -0.131553 31.250008 443.749969
v -0.430329 31.250008 446.874969
v -0.488800 31.250008 449.999969
v -0.275180 31.250008 453.124969
v -0.240953 31.250008 456.249969
v -0.202194 31.250008 459.374969
v -0.290027 31.250008 462.499969
v -0.503546 31.250008 465.624969
v -0.554530 31.250008 468.749969
v -0.413152 31.250008 471.874969
v -0.332352 31.250008 474.999969
v -0.343390 31.250008 478.124969
v -0.241603 31.250008 481.249969
v -0.406745 31.250008 484.374969
v -0.102640 31.250008 487.499969
v -0.271385 31.250008 490.624939
v -0.210108 31.250008 493.749969
v -0.372743 31.250008 496.874939
v 0.000000 31.250008 500.000000
v -0.000006 34.375008 399.999969
v -0.847080 34.375008 403.125000
v -0.964763 34.375008 406.250000
v -0.000003 34.375008 409.375000
v -0.686528 34.375008 412.500000
v -0.343632 34.375008 415.625000
v -0.493939 34.375008 418.750000
v -0.232852 34.375008 421.875000
v -0.246388 34.375008 424.999969
v 0.081264 34.375008 428.125000
v 0.182309 34.375008 431.249969
v 0.015656 34.375008 434.375000
v -0.542692 34.375008 437.499969
v 0.200511 34.375008 440.624969
v -0.026765 34.375008 443.749969
v -0.159701 34.375008 446.874969
v -0.572143 34.375008 449.999969
v -0.279091 34.375008 453.124969
v -0.033611 34.375008 456.249969
v -0.136755 34.375008 459.374969
v -0.339333 34.375008 462.499969
v -0.217199 34.375008 465.624969
v 0.175523 34.375008 468.749969
v 0.371513 34.375008 471.874969
v 0.456680 34.375008 474.999969
v -0.156027 34.375008 478.124969
v 0.060198 34.375008 481.249969
v 0.059555 34.375008 484.374969
v -0.442302 34.375008 487.499969
v -0.464282 34.375008 490.624939
v -0.754195 34.375008 493.749969
v -0.495963 34.375008 496.874939
v 0.000000 34.375008 500.000000
v -0.000006 37.500008 399.999969
v -0.417762 37.500008 403.125000
v -0.080157 37.500008 406.250000
v -0.174619 37.500008 409.375000
v -0.481549 37.500008 412.500000
v -0.590356 37.500008 415.625000
v -0.787930 37.500008 418.750000
v -0.277811 37.500008 421.875000
v -0.620093 37.500008 424.999969
v -0.362312 37.500008 428.125000
v -0.217690 37.500008 431.249969
v -0.277630 37.500008 434.375000
v -0.685402 37.500008 437.499969
v -0.154771 37.500008 440.624969
v -0.285027 37.500008 443.749969
v -0.124988 37.500008 446.874969
v -0.664380 37.500008 449.999969
v -0.245898 37.500008 453.124969
v -0.064550 37.500008 456.249969
v -0.164362 37.500008 459.374969
v -0.551408 37.500008 462.499969
v -0.430484 37.500008 465.624969
v -0.117813 37.500008 468.749969
v 0.102281 37.500008 471.874969
v 0.070411 37.500008 474.999969
v -0.306867 37.500008 478.124969
v 0.356724 37.500008 481.249969
v 0.382615 37.500008 484.374969
v -0.120950 37.500008 487.499969
v 0.082213 37.500008 490.624939
v -0.522491 37.500008 493.749969
v -0.211688 37.500008 496.874939
v 0.000000 37.500008 500.000000
v -0.000006 40.625008 399.999969
v -0.573051 40.625008 403.125000
v -0.279565 40.625011 406.250000
v -0.299816 40.625008 409.375000
v -0.515965 40.625008 412.500000
v -0.391776 40.625008 415.625000
v -0.763221 40.625008 418.750000
v -0.748957 40.625008 421.875000
v -0.710475 40.625008 424.999969
v -0.236464 40.625008 428.125000
v 0.193675 40.625008 431.249969
v 0.260582 40.625008 434.375000
v -0.369912 40.625008 437.499969
v -0.417697 40.625008 440.624969
v -0.550464 40.625008 443.749969
v -0.327503 40.625008 446.874969
v -0.636432 40.625008 449.999969
v -0.042760 40.625008 453.124969
v 0.149435 40.625008 456.249969
v 0.029090 40.625008 459.374969
v -0.487089 40.625008 462.499969
v -0.567584 40.625008 465.624969
v -0.212976 40.625008 468.749969
v -0.026721 40.625008 471.874969
v -0.082053 40.625008 474.999969
v -0.352506 40.625008 478.124969
v 0.402997 40.625008 481.249969
v 0.264373 40.625011 484.374969
v -0.344651 40.625008 487.499969
v -0.086813 40.625008 490.624939
v -0.572860 40.625008 493.749969
v -0.128166 40.625008 496.874939
v 0.000000 40.625008 500.000000
v -0.000006 43.750011 399.999969
v -0.418426 43.750011 403.125000
v -0.150007 43.750011 406.250000
v -0.119969 43.750011 409.375000
v -0.358270 43.750011 412.500000
v -0.334090 43.750011 415.625000
v -0.631082 43.750011 418.750000
v -0.519825 43.750011 421.875000
v -0.741216 43.750008 424.999969
v -0.678230 43.750011 428.125000
v -0.658465 43.750011 431.249969
v -0.561231 43.750011 434.375000
v -0.629958 43.750011 437.499969
v -0.554217 43.750011 440.624969
v -0.395055 43.750011 443.749969
v -0.390170 43.750011 446.874969
v -0.453630 43.750011 449.999969
v -0.628313 43.750011 453.124969
v -0.205879 43.750011 456.249969
v 0.102478 43.750011 459.374969
v 0.091400 43.750011 462.499969
v -0.178779 43.750011 465.624969
v -0.060541 43.750011 468.749969
v 0.176697 43.750011 471.874969
v 0.167951 43.750011 474.999969
v -0.272346 43.750011 478.124969
v -0.128851 43.750011 481.249969
v -0.199529 43.750011 484.374969
v -0.229940 43.750011 487.499969
v 0.005914 43.750011 490.624939
v -0.419004 43.750011 493.749969
v -0.443005 43.750011 496.874939
v 0.000000 43.750011 500.000000
v -0.000006 46.875011 399.999969
v -0.123778 46.875011 403.125000
v 0.110025 46.875011 406.250000
v 0.041345 46.875011 409.375000
v -0.330303 46.875011 412.500000
v -0.522377 46.875011 415.625000
v -0.721415 46.875011 418.750000
v -0.147521 46.875011 421.875000
v -0.397497 46.875011 424.999969
v -0.224213 46.875011 428.125000
v -0.238192 46.875011 431.249969
v -0.351727 46.875011 434.375000
v -0.882088 46.875011 437.499969
v -0.351641 46.875011 440.624969
v -0.065716 46.875011 443.749969
v 0.066969 46.875011 446.874969
v -0.015356 46.875011 449.999969
v -0.701365 46.875011 453.124969
v -0.167641 46.875011 456.249969
v 0.206720 46.875011 459.374969
v 0.248769 46.875011 462.499969
v 0.036906 46.875011 465.624969
v -0.464593 46.875011 468.749969
v -0.268096 46.875011 471.874969
v 0.388080 46.875011 474.999969
v 0.768128 46.875011 478.124969
v 0.318196 46.875011 481.249969
v -0.574319 46.875011 484.374969
v 0.043505 46.875011 487.499969
v 0.296977 46.875011 490.624939
v 0.235201 46.875011 493.749969
v -0.234059 46.875011 496.874939
v 0.000000 46.875011 500.000000
v -0.000006 50.000011 399.999969
v -0.503330 50.000011 403.125000
v -0.318745 50.000011 406.250000
v -0.313398 50.000011 409.375000
v -0.532495 50.000011 412.500000
v -0.472222 50.000011 415.625000
v -0.470552 50.000011 418.750000
v 0.157761 50.000011 421.875000
v -0.633904 50.000011 424.999969
v -0.621263 50.000011 428.125000
v -0.801157 50.000011 431.249969
v -0.728915 50.000011 434.375000
v -0.750684 50.000011 437.499969
v -0.500153 50.000011 440.624969
v -0.463826 50.000011 443.749969
v -0.411946 50.000011 446.874969
v -0.388426 50.000011 449.999969
v -0.827061 50.000011 453.124969
v -0.357570 50.000011 456.249969
v -0.268795 50.000011 459.374969
v -0.115992 50.000011 462.499969
v -0.037746 50.000011 465.624969
v -0.470221 50.000011 468.749969
v -0.185769 50.000011 471.874969
v 0.281731 50.000011 474.999969
v 0.433916 50.000011 478.124969
v 0.003140 50.000011 481.249969
v -0.670269 50.000011 484.374969
v -0.536139 50.000011 487.499969
v -0.373573 50.000011 490.624939
v -0.363465 50.000011 493.749969
v -0.689686 50.000011 496.874939
v 0.000000 50.000011 500.000000
v -0.000006 53.125011 399.999969
v -0.258107 53.125011 403.125000
v 0.130667 53.125011 406.250000
v 0.068507 53.125011 409.375000
v -0.326278 53.125011 412.500000
v 0.052050 53.125011 415.625000
v -0.210954 53.125011 418.750000
v 0.259351 53.125011 421.875000
v -0.605269 53.125011 424.999969
v -0.321334 53.125011 428.125000
v -0.662878 53.125011 431.249969
v -0.193807 53.125011 434.375000
v 0.007998 53.125011 437.499969
v -0.002165 53.125011 440.624969
v -0.108959 53.125011 443.749969
v -0.589694 53.125011 446.874969
v -0.555666 53.125011 449.999969
v -0.451571 53.125011 453.124969
v -0.254690 53.125011 456.249969
v -0.181581 53.125011 459.374969
v -0.273871 53.125011 462.499969
v -0.485780 53.125011 465.624969
v -0.318667 53.125011 468.749969
v 0.156691 53.125011 471.874969
v 0.105434 53.125011 474.999969
v -0.501085 53.125011 478.124969
v -0.502319 53.125011 481.249969
v -0.335915 53.125011 484.374969
v 0.074640 53.125011 487.499969
v 0.249311 53.125011 490.624939
v 0.305387 53.125011 493.749969
v -0.065574 53.125011 496.874939
v 0.000000 53.125011 500.000000
v -0.000006 56.250011 399.999969
v -0.493697 56.250011 403.125000
v -0.438806 56.250011 406.250000
v -0.533827 56.250011 409.375000
v -0.767902 56.250011 412.500000
v 0.039132 56.250011 415.625000
v -0.234796 56.250011 418.750000
v 0.085668 56.250011 421.875000
v -0.502895 56.250011 424.999969
v -0.166272 56.250011 428.125000
v -0.576064 56.250011 431.249969
v -0.470155 56.250011 434.375000
v -0.448093 56.250011 437.499969
v -0.561246 56.250011 440.624969
v -0.535912 56.250011 443.749969
v -0.520775 56.250011 446.874969
v -0.444682 56.250011 449.999969
v -0.436724 56.250011 453.124969
v -0.218471 56.250011 456.249969
v -0.007675 56.250011 459.374969
v -0.055071 56.250011 462.499969
v -0.443846 56.250011 465.624969
v -0.181690 56.250011 468.749969
v 0.305007 56.250011 471.874969
v 0.208535 56.250011 474.999969
v -0.396813 56.250011 478.124969
v 0.475332 56.250011 481.249969
v -0.000006 56.250011 484.374969
v 0.904718 56.250011 487.499969
v -0.137280 56.250011 490.624939
v -0.329763 56.250011 493.749969
v -0.090234 56.250011 496.874939
v 0.000000 56.250011 500.000000
v -0.000006 59.375015 399.999969
v -0.258326 59.375011 403.125000
v -0.134743 59.375015 406.250000
v -0.157484 59.375015 409.375000
v -0.413352 59.375015 412.500000
v -0.362576 59.375015 415.625000
v -0.514698 59.375015 418.750000
v -0.367462 59.375015 421.875000
v -0.406581 59.375015 424.999969
v -0.133580 59.375015 428.125000
v -0.439338 59.375015 431.249969
v -0.083685 59.375015 434.375000
v -0.068574 59.375015 437.499969
v -0.223517 59.375015 440.624969
v -0.517724 59.375015 443.749969
v -0.206058 59.375015 446.874969
v -0.193315 59.375015 449.999969
v -0.724831 59.375015 453.124969
v -0.658554 59.375015 456.249969
v -0.464705 59.375015 459.374969
v -0.172620 59.375011 462.499969
v 0.090882 59.375015 465.624969
v -0.106211 59.375015 468.749969
v -0.465803 59.375015 471.874969
v 0.258060 59.375015 474.999969
v 0.366645 59.375015 478.124969
v 0.007492 59.375015 481.249969
v -0.557142 59.375011 484.374969
v -0.383730 59.375015 487.499969
v -0.034935 59.375015 490.624939
v -0.060375 59.375015 493.749969
v -0.492447 59.375015 496.874939
v 0.000000 59.375015 500.000000
v -0.000006 62.500015 399.999969
v -0.334882 62.500015 403.125000
v -0.007746 62.500015 406.250000
v -0.193758 62.500015 409.375000
v -0.680318 62.500015 412.500000
v -0.286812 62.500015 415.625000
v -0.027851 62.500015 418.750000
v -0.337063 62.500015 421.875000
v -0.301605 62.500015 424.999969
v -0.121823 62.500015 428.125000
v -0.474334 62.500015 431.249969
v 0.000593 62.500015 434.375000
v -0.263252 62.500015 437.499969
v -0.234208 62.500015 440.624969
v -0.018744 62.500015 443.749969
v -0.314327 62.500015 446.874969
v -0.770620 62.500015 449.999969
v -0.520544 62.500015 453.124969
v -0.383063 62.500015 456.249969
v -0.419617 62.500015 459.374969
v -0.317216 62.500015 462.499969
v -0.323952 62.500015 465.624969
v -0.856917 62.500015 468.749969
v -0.365836 62.500015 471.874969
v -0.128923 62.500015 474.999969
v -0.272701 62.500015 478.124969
v -0.727374 62.500015 481.249969
v -0.797206 62.500015 484.374969
v -0.093323 62.500015 487.499969
v 0.554295 62.500015 490.624939
v 0.510328 62.500015 493.749969
v -0.167788 62.500015 496.874939
v 0.000000 62.500015 500.000000
v -0.000006 65.625015 399.999969
v -0.295706 65.625015 403.125000
v 0.078390 65.625015 406.250000
v -0.080167 65.625015 409.375000
v -0.872548 65.625015 412.500000
v -0.189090 65.625015 415.625000
v 0.100990 65.625015 418.750000
v -0.138181 65.625015 421.875000
v -0.423311 65.625015 424.999969
v -0.263214 65.625015 428.125000
v -0.521615 65.625015 431.249969
v -0.234627 65.625015 434.375000
v -0.367801 65.625015 437.499969
v -0.230994 65.625015 440.624969
v -0.086848 65.625015 443.749969
v -0.352279 65.625015 446.874969
v -0.678825 65.625015 449.999969
v 0.440187 65.625015 453.124969
v -0.000003 65.625015 456.249969
v -0.000003 65.625015 459.374969
v 0.812862 65.625015 462.499969
v 0.468965 65.625015 465.624969
v -0.587146 65.625015 468.749969
v 0.054645 65.625015 471.874969
v 0.489325 65.625015 474.999969
v 0.536442 65.625015 478.124969
v 0.158330 65.625015 481.249969
v -0.638578 65.625015 484.374969
v -0.151695 65.625015 487.499969
v 0.146892 65.625015 490.624939
v 0.103133 65.625015 493.749969
v -0.288579 65.625015 496.874939
v 0.000000 65.625015 500.000000
v -0.000006 68.750015 399.999969
v -0.399300 68.750015 403.125000
v -0.524366 68.750015 406.250000
v -0.343897 68.750015 409.375000
v -0.305991 68.750015 412.500000
v -0.294821 68.750015 415.625000
v -0.292189 68.750015 418.750000
v -0.359430 68.750015 421.875000
v -0.629684 68.750015 424.999969
v -0.614274 68.750015 428.125000
v -0.448693 68.750015 431.249969
v -0.143992 68.750015 434.375000
v -0.029781 68.750015 437.499969
v -0.009298 68.750015 440.624969
v 0.017341 68.750015 443.749969
v -0.343197 68.750015 446.874969
v -0.659184 68.750015 449.999969
v 0.185108 68.750015 453.124969
v 0.662105 68.750015 456.249969
v 0.724865 68.750015 459.374969
v 0.495495 68.750015 462.499969
v 0.388720 68.750015 465.624969
v -0.698327 68.750015 468.749969
v -0.027917 68.750015 471.874969
v 0.197784 68.750015 474.999969
v 0.191837 68.750015 478.124969
v 0.005877 68.750015 481.249969
v -0.646439 68.750015 484.374969
v -0.353510 68.750015 487.499969
v -0.149143 68.750015 490.624939
v -0.156361 68.750015 493.749969
v -0.475702 68.750015 496.874939
v 0.000000 68.750015 500.000000
v -0.000006 71.875015 399.999969
v -0.290212 71.875015 403.125000
v -0.243207 71.875015 406.250000
v -0.362671 71.875015 409.375000
v -0.593011 71.875015 412.500000
v -0.760239 71.875015 415.625000
v -0.943674 71.875015 418.750000
v -0.756223 71.875015 421.875000
v -0.722251 71.875015 424.999969
v -0.380383 71.875015 428.125000
v -0.074645 71.875015 431.249969
v 0.164011 71.875015 434.375000
v -0.062737 71.875015 437.499969
v -0.093826 71.875015 440.624969
v 0.273654 71.875015 443.749969
v 0.058201 71.875015 446.874969
v -0.787715 71.875015 449.999969
v -0.308863 71.875015 453.124969
v -0.025493 71.875015 456.249969
v 0.028510 71.875015 459.374969
v -0.055101 71.875015 462.499969
v -0.142781 71.875015 465.624969
v -0.857665 71.875015 468.749969
v -0.384639 71.875015 471.874969
v -0.301409 71.875015 474.999969
v -0.505268 71.875015 478.124969
v -0.519632 71.875015 481.249969
v -0.380742 71.875015 484.374969
v 0.302659 71.875015 487.499969
v 0.402952 71.875015 490.624939
v 0.246478 71.875015 493.749969
v -0.599045 71.875015 496.874939
v 0.000000 71.875015 500.000000
v -0.000006 75.000015 399.999969
v -0.215566 75.000015 403.125000
v -0.035273 75.000015 406.250000
v -0.073010 75.000015 409.375000
v -0.831061 75.000015 412.500000
v -0.357609 75.000015 415.625000
v -0.087073 75.000015 418.750000
v -0.087537 75.000015 421.875000
v -0.367840 75.000015 424.999969
v -0.438709 75.000015 428.125000
v -0.316258 75.000015 431.249969
v -0.097146 75.000015 434.375000
v -0.202983 75.000015 437.499969
v -0.083978 75.000015 440.624969
v 0.179034 75.000015 443.749969
v -0.251070 75.000015 446.874969
v -0.419140 75.000015 449.999969
v -0.162853 75.000015 453.124969
v -0.185009 75.000015 456.249969
v -0.548934 75.000015 459.374969
v -0.356562 75.000015 462.499969
v -0.463592 75.000015 465.624969
v -0.621662 75.000015 468.749969
v -0.140695 75.000015 471.874969
v 0.243106 75.000015 474.999969
v 0.408913 75.000015 478.124969
v -0.058505 75.000015 481.249969
v -0.103610 75.000015 484.374969
v 0.695364 75.000015 487.499969
v -0.000006 75.000015 490.624939
v 0.890697 75.000015 493.749969
v -0.359907 75.000015 496.874939
v 0.000000 75.000015 500.000000
v -0.000006 78.125015 399.999969
v -0.326586 78.125015 403.125000
v -0.621627 78.125015 406.250000
v -0.495555 78.125015 409.375000
v -0.312575 78.125015 412.500000
v -0.053057 78.125015 415.625000
v -0.035000 78.125015 418.750000
v -0.313436 78.125015 421.875000
v -0.116153 78.125015 424.999969
v -0.217132 78.125015 428.125000
v -0.610243 78.125015 431.249969
v -0.224088 78.125015 434.375000
v 0.119295 78.125015 437.499969
v 0.367289 78.125015 440.624969
v 0.461250 78.125015 443.749969
v -0.196173 78.125015 446.874969
v -0.314203 78.125015 449.999969
v 0.065415 78.125015 453.124969
v 0.036995 78.125015 456.249969
v -0.524476 78.125015 459.374969
v -0.479837 78.125015 462.499969
v -0.642489 78.125015 465.624969
v -0.749831 78.125015 468.749969
v -0.513749 78.125015 471.874969
v -0.734530 78.125015 474.999969
v -0.743563 78.125015 478.124969
v -0.883495 78.125015 481.249969
v -0.566048 78.125015 484.374969
v 0.788857 78.125015 487.499969
v -0.000006 78.125015 490.624939
v -0.000012 78.125015 493.749969
v -0.033984 78.125015 496.874939
v 0.000000 78.125015 500.000000
v -0.000006 81.250015 399.999969
v -0.020285 81.250015 403.125000
v -0.666200 81.250023 406.250000
v -0.598354 81.250015 409.375000
v -0.717324 81.250015 412.500000
v -0.679421 81.250015 415.625000
v -0.533328 81.250015 418.750000
v -0.000625 81.250015 421.875000
v 0.189535 81.250015 424.999969
v -0.209214 81.250015 428.125000
v -0.098520 81.250015 431.249969
v -0.017736 81.250015 434.375000
v -0.272396 81.250015 437.499969
v -0.278395 81.250015 440.624969
v -0.138054 81.250015 443.749969
v 0.008309 81.250015 446.874969
v -0.280780 81.250015 449.999969
v -0.561876 81.250015 453.124969
v -0.230194 81.250015 456.249969
v -0.069722 81.250015 459.374969
v -0.173816 81.250015 462.499969
v -0.543220 81.250015 465.624969
v -0.475545 81.250015 468.749969
v 0.060147 81.250015 471.874969
v 0.263039 81.250015 474.999969
v 0.339463 81.250015 478.124969
v -0.056365 81.250015 481.249969
v -0.708333 81.250015 484.374969
v -0.177668 81.250015 487.499969
v 0.088748 81.250015 490.624939
v -0.103650 81.250015 493.749969
v -0.660636 81.250015 496.874939
v 0.000000 81.250015 500.000000
v -0.000006 84.375023 399.999969
v -0.099719 84.375023 403.125000
v -0.576624 84.375023 406.250000
v -0.184689 84.375023 409.375000
v -0.630031 84.375023 412.500000
v -0.682446 84.375023 415.625000
v -0.604298 84.375023 418.750000
v -0.159321 84.375023 421.875000
v -0.150909 84.375023 424.999969
v -0.228879 84.375023 428.125000
v -0.150337 84.375023 431.249969
v -0.091057 84.375023 434.375000
v -0.341113 84.375023 437.499969
v -0.614016 84.375023 440.624969
v -0.728534 84.375023 443.749969
v -0.429499 84.375023 446.874969
v -0.278208 84.375023 449.999969
v -0.081948 84.375023 453.124969
v 0.137409 84.375023 456.249969
v -0.010721 84.375023 459.374969
v -0.445040 84.375023 462.499969
v -0.394627 84.375023 465.624969
v 0.030069 84.375023 468.749969
v 0.179320 84.375023 471.874969
v 0.222726 84.375023 474.999969
v 0.053941 84.375023 478.124969
v -0.306032 84.375023 481.249969
v -0.285452 84.375023 484.374969
v 0.828778 84.375015 487.499969
v -0.000006 84.375023 490.624939
v -0.000012 84.375023 493.749969
v -0.301442 84.375023 496.874939
v 0.000000 84.375023 500.000000
v -0.000006 87.500023 399.999969
v -0.262930 87.500023 403.125000
v -0.762245 87.500023 406.250000
v -0.342102 87.500023 409.375000
v -0.264032 87.500023 412.500000
v -0.228675 87.500023 415.625000
v -0.354464 87.500023 418.750000
v -0.884776 87.500023 421.875000
v -0.290336 87.500023 424.999969
v 0.107773 87.500023 428.125000
v 0.383782 87.500023 431.249969
v 0.258641 87.500023 434.375000
v -0.038007 87.500023 437.499969
v 0.612107 87.500023 440.624969
v -0.365040 87.500023 443.749969
v -0.681861 87.500023 446.874969
v -0.441285 87.500023 449.999969
v -0.420454 87.500023 453.124969
v -0.468550 87.500023 456.249969
v -0.219742 87.500023 459.374969
v -0.477191 87.500023 462.499969
v -0.293371 87.500023 465.624969
v -0.162779 87.500023 468.749969
v 0.064692 87.500023 471.874969
v 0.108521 87.500023 474.999969
v 0.000059 87.500023 478.124969
v -0.140545 87.500023 481.249969
v -0.443244 87.500023 484.374969
v -0.179239 87.500023 487.499969
v 0.096963 87.500023 490.624939
v -0.238853 87.500023 493.749969
v -0.762831 87.500023 496.874939
v 0.000000 87.500023 500.000000
v -0.000006 90.625023 399.999969
v -0.753379 90.625023 403.125000
v -0.849119 90.625023 406.250000
v -0.777798 90.625023 409.375000
v -0.624324 90.625023 412.500000
v -0.611404 90.625023 415.625000
v -0.677318 90.625023 418.750000
v -0.555212 90.625023 421.875000
v -0.604446 90.625023 424.999969
v -0.364732 90.625023 428.125000
v -0.298488 90.625023 431.249969
v -0.346734 90.625023 434.375000
v -0.137993 90.625023 437.499969
v 0.538381 90.625023 440.624969
v 0.722437 90.625023 443.749969
v 0.402818 90.625023 446.874969
v 0.144051 90.625023 449.999969
v -0.130344 90.625023 453.124969
v 0.151375 90.625023 456.249969
v 0.589916 90.625023 459.374969
v 0.292984 90.625023 462.499969
v -0.327433 90.625023 465.624969
v -0.490429 90.625023 468.749969
v 0.078258 90.625023 471.874969
v 0.329718 90.625023 474.999969
v 0.520983 90.625023 478.124969
v 0.458047 90.625023 481.249969
v 0.496927 90.625023 484.374969
v 0.492018 90.625015 487.499969
v 0.489909 90.625023 490.624939
v 0.312450 90.625023 493.749969
v -0.364391 90.625023 496.874939
v 0.000000 90.625023 500.000000
v -0.000006 93.750023 399.999969
v -0.530626 93.750023 403.125000
v -0.469379 93.750023 406.250000
v -0.500719 93.750023 409.375000
v -0.639281 93.750023 412.500000
v -0.291546 93.750023 415.625000
v -0.334185 93.750023 418.750000
v -0.871755 93.750023 421.875000
v -0.492702 93.750023 424.999969
v -0.419221 93.750023 428.125000
v -0.266477 93.750023 431.249969
v -0.308147 93.750023 434.375000
v -0.446942 93.750023 437.499969
v -0.155070 93.750023 440.624969
v 0.682970 93.750023 443.749969
v 0.542093 93.750023 446.874969
v 0.262405 93.750023 449.999969
v -0.279067 93.750023 453.124969
v -0.318628 93.750023 456.249969
v -0.336097 93.750023 459.374969
v -0.028108 93.750023 462.499969
v 0.202986 93.750023 465.624969
v 0.422859 93.750015 468.749969
v -0.123100 93.750023 471.874969
v -0.326550 93.750023 474.999969
v 0.170487 93.750023 478.124969
v 0.579500 93.750023 481.249969
v 0.664868 93.750023 484.374969
v 0.843691 93.750023 487.499969
v -0.000006 93.750023 490.624939
v 0.386143 93.750023 493.749969
v -0.348112 93.750023 496.874939
v 0.000000 93.750023 500.000000
v -0.000006 96.875023 399.999969
v -0.329738 96.875023 403.125000
v -0.253550 96.875023 406.250000
v -0.386804 96.875023 409.375000
v -0.572298 96.875023 412.500000
v -0.486471 96.875023 415.625000
v -0.496724 96.875023 418.750000
v -0.374659 96.875023 421.875000
v -0.328535 96.875023 424.999969
v -0.780435 96.875023 428.125000
v -0.543558 96.875023 431.249969
v -0.288237 96.875023 434.375000
v -0.075373 96.875023 437.499969
v -0.440620 96.875023 440.624969
v -0.144887 96.875023 443.749969
v -0.266846 96.875023 446.874969
v 0.180451 96.875023 449.999969
v -0.619837 96.875023 453.124969
v -0.307433 96.875023 456.249969
v -0.607805 96.875023 459.374969
v -0.178478 96.875023 462.499969
v 0.112795 96.875023 465.624969
v 0.286364 96.875023 468.749969
v -0.333332 96.875023 471.874969
v -0.441722 96.875023 474.999969
v 0.068634 96.875023 478.124969
v 0.505998 96.875023 481.249969
v 0.563985 96.875023 484.374969
v 0.605839 96.875023 487.499969
v 0.736578 96.875023 490.624939
v 0.463943 96.875023 493.749939
v -0.135223 96.875023 496.874939
v 0.000000 96.875023 500.000000
v -0.000006 100.000023 399.999969
v -0.000009 100.000023 403.125000
v 0.000003 100.000023 406.250000
v -0.000003 100.000023 409.375000
v -0.000006 100.000023 412.500000
v -0.000003 100.000023 415.625000
v -0.000003 100.000023 418.750000
v -0.000006 100.000023 421.875000
v -0.000006 100.000023 424.999969
v 0.000000 100.000023 428.125000
v -0.000006 100.000023 431.249969
v -0.000003 100.000023 434.375000
v -0.000003 100.000023 437.499969
v -0.000003 100.000023 440.624969
v -0.000003 100.000023 443.749969
v -0.000003 100.000023 446.874969
v -0.863349 100.000023 449.999969
v -0.000003 100.000023 453.124969
v -0.000003 100.000023 456.249969
v -0.000003 100.000023 459.374969
v -0.000003 100.000023 462.499969
v -0.000003 100.000023 465.624969
v -0.000003 100.000023 468.749969
v -0.000009 100.000023 471.874969
v -0.000003 100.000023 474.999969
v -0.000003 100.000023 478.124969
v -0.000006 100.000023 481.249969
v -0.000006 100.000023 484.374969
v 0.000000 100.000023 487.499969
v -0.000006 100.000023 490.624939
v -0.000012 100.000023 493.749969
v 0.000003 100.000023 496.874939
v 0.000000 100.000023 500.000000
vt 0.005240 0.994620
vt 0.005310 0.963830
vt 0.036270 0.963590
vt 0.036030 0.994550
vt 0.067040 0.963460
vt 0.066670 0.994440
vt 0.097750 0.963430
vt 0.097210 0.994430
vt 0.128420 0.963520
vt 0.127740 0.994530
vt 0.159100 0.963700
vt 0.158320 0.994730
vt 0.189810 0.963960
vt 0.188970 0.994990
vt 0.220570 0.964270
vt 0.219700 0.995310
vt 0.251390 0.964610
vt 0.250520 0.995650
vt 0.282260 0.964960
vt 0.281420 0.996010
vt 0.313190 0.965300
vt 0.312410 0.996360
vt 0.344180 0.965630
vt 0.343460 0.996690
vt 0.375210 0.965930
vt 0.374580 0.996990
vt 0.406300 0.966190
vt 0.405750 0.997260
vt 0.437420 0.966420
vt 0.436970 0.997480
vt 0.468570 0.966590
vt 0.468220 0.997660
vt 0.499730 0.966720
vt 0.499500 0.997780
vt 0.530910 0.966780
vt 0.530790 0.997850
vt 0.562110 0.966800
vt 0.562090 0.997860
vt 0.593290 0.966750
vt 0.593380 0.997820
vt 0.624470 0.966650
vt 0.624660 0.997720
vt 0.655650 0.966530
vt 0.655910 0.997590
vt 0.686790 0.966370
vt 0.687120 0.997430
vt 0.717890 0.966200
vt 0.718270 0.997240
vt 0.748920 0.965990
vt 0.749350 0.997040
vt 0.779920 0.965790
vt 0.780370 0.996820
vt 0.810880 0.965570
vt 0.811310 0.996600
vt 0.841810 0.965380
vt 0.842200 0.996400
vt 0.872730 0.965250
vt 0.873040 0.996270
vt 0.903630 0.965200
vt 0.903850 0.996220
vt 0.934560 0.965240
vt 0.934670 0.996250
vt 0.965520 0.965330
vt 0.965560 0.996350
vt 0.996530 0.965390
vt 0.996570 0.996380
vt 0.005420 0.933190
vt 0.036400 0.932820
vt 0.067280 0.932580
vt 0.098090 0.932490
vt 0.128860 0.932540
vt 0.159620 0.932700
vt 0.190390 0.932930
vt 0.221190 0.933220
vt 0.252010 0.933540
vt 0.282880 0.933880
vt 0.313780 0.934210
vt 0.344720 0.934530
vt 0.375710 0.934820
vt 0.406730 0.935080
vt 0.437780 0.935300
vt 0.468850 0.935480
vt 0.499940 0.935610
vt 0.531040 0.935680
vt 0.562150 0.935720
vt 0.593260 0.935680
vt 0.624370 0.935590
vt 0.655470 0.935450
vt 0.686520 0.935310
vt 0.717570 0.935140
vt 0.748610 0.934940
vt 0.779610 0.934730
vt 0.810600 0.934530
vt 0.841570 0.934360
vt 0.872540 0.934240
vt 0.903490 0.934210
vt 0.934470 0.934280
vt 0.965430 0.934380
vt 0.996440 0.934500
vt 0.005430 0.902650
vt 0.036430 0.902110
vt 0.067370 0.901770
vt 0.098250 0.901610
vt 0.129100 0.901600
vt 0.159930 0.901710
vt 0.190760 0.901910
vt 0.221590 0.902170
vt 0.252440 0.902460
vt 0.283310 0.902780
vt 0.314200 0.903100
vt 0.345130 0.903400
vt 0.376080 0.903690
vt 0.407050 0.903940
vt 0.438050 0.904160
vt 0.469070 0.904330
vt 0.500100 0.904450
vt 0.531150 0.904520
vt 0.562200 0.904550
vt 0.593260 0.904530
vt 0.624320 0.904460
vt 0.655370 0.904340
vt 0.686400 0.904190
vt 0.717430 0.904030
vt 0.748450 0.903850
vt 0.779460 0.903660
vt 0.810450 0.903480
vt 0.841430 0.903330
vt 0.872400 0.903230
vt 0.903410 0.903210
vt 0.934410 0.903310
vt 0.965400 0.903460
vt 0.996410 0.903680
vt 0.005330 0.872120
vt 0.036340 0.871440
vt 0.067320 0.871000
vt 0.098260 0.870760
vt 0.129180 0.870690
vt 0.160070 0.870750
vt 0.190940 0.870900
vt 0.221820 0.871120
vt 0.252690 0.871390
vt 0.283580 0.871680
vt 0.314480 0.871980
vt 0.345400 0.872270
vt 0.376340 0.872540
vt 0.407290 0.872780
vt 0.438260 0.872990
vt 0.469250 0.873160
vt 0.500240 0.873280
vt 0.531250 0.873360
vt 0.562270 0.873390
vt 0.593290 0.873370
vt 0.624320 0.873310
vt 0.655340 0.873210
vt 0.686360 0.873080
vt 0.717380 0.872930
vt 0.748400 0.872770
vt 0.779400 0.872600
vt 0.810410 0.872450
vt 0.841410 0.872340
vt 0.872400 0.872250
vt 0.903400 0.872240
vt 0.934450 0.872370
vt 0.965450 0.872560
vt 0.996470 0.872880
vt 0.005130 0.841540
vt 0.036150 0.840760
vt 0.067160 0.840240
vt 0.098150 0.839930
vt 0.129110 0.839800
vt 0.160060 0.839800
vt 0.190990 0.839910
vt 0.221910 0.840090
vt 0.252820 0.840320
vt 0.283730 0.840590
vt 0.314650 0.840860
vt 0.345570 0.841130
vt 0.376510 0.841390
vt 0.407450 0.841620
vt 0.438410 0.841820
vt 0.469380 0.841980
vt 0.500350 0.842100
vt 0.531340 0.842180
vt 0.562330 0.842220
vt 0.593340 0.842210
vt 0.624340 0.842170
vt 0.655350 0.842080
vt 0.686370 0.841970
vt 0.717380 0.841840
vt 0.748400 0.841690
vt 0.779420 0.841550
vt 0.810440 0.841420
vt 0.841460 0.841320
vt 0.872470 0.841280
vt 0.903490 0.841300
vt 0.934560 0.841420
vt 0.965570 0.841650
vt 0.996600 0.842040
vt 0.004860 0.810890
vt 0.035890 0.810050
vt 0.066930 0.809470
vt 0.097950 0.809110
vt 0.128960 0.808920
vt 0.159950 0.808870
vt 0.190930 0.808940
vt 0.221890 0.809080
vt 0.252830 0.809270
vt 0.283780 0.809500
vt 0.314720 0.809750
vt 0.345660 0.810000
vt 0.376600 0.810240
vt 0.407550 0.810460
vt 0.438500 0.810650
vt 0.469460 0.810810
vt 0.500430 0.810930
vt 0.531410 0.811010
vt 0.562390 0.811050
vt 0.593390 0.811060
vt 0.624390 0.811020
vt 0.655390 0.810950
vt 0.686410 0.810860
vt 0.717430 0.810740
vt 0.748450 0.810620
vt 0.779490 0.810490
vt 0.810520 0.810380
vt 0.841560 0.810310
vt 0.872600 0.810280
vt 0.903630 0.810320
vt 0.934720 0.810450
vt 0.965750 0.810720
vt 0.996780 0.811160
vt 0.004550 0.780160
vt 0.035580 0.779290
vt 0.066640 0.778680
vt 0.097690 0.778280
vt 0.128740 0.778050
vt 0.159770 0.777960
vt 0.190790 0.777980
vt 0.221780 0.778080
vt 0.252770 0.778240
vt 0.283740 0.778440
vt 0.314710 0.778660
vt 0.345670 0.778880
vt 0.376620 0.779100
vt 0.407580 0.779310
vt 0.438540 0.779490
vt 0.469510 0.779640
vt 0.500480 0.779760
vt 0.531460 0.779840
vt 0.562440 0.779890
vt 0.593430 0.779900
vt 0.624430 0.779880
vt 0.655440 0.779830
vt 0.686460 0.779750
vt 0.717500 0.779660
vt 0.748530 0.779550
vt 0.779580 0.779450
vt 0.810630 0.779350
vt 0.841690 0.779290
vt 0.872750 0.779280
vt 0.903810 0.779340
vt 0.934910 0.779460
vt 0.965970 0.779770
vt 0.997000 0.780220
vt 0.004200 0.749340
vt 0.035250 0.748480
vt 0.066310 0.747850
vt 0.097390 0.747430
vt 0.128470 0.747170
vt 0.159540 0.747050
vt 0.190590 0.747030
vt 0.221620 0.747090
vt 0.252640 0.747220
vt 0.283650 0.747390
vt 0.314640 0.747580
vt 0.345620 0.747780
vt 0.376600 0.747980
vt 0.407570 0.748170
vt 0.438550 0.748340
vt 0.469520 0.748490
vt 0.500500 0.748600
vt 0.531480 0.748690
vt 0.562480 0.748740
vt 0.593480 0.748760
vt 0.624480 0.748760
vt 0.655500 0.748720
vt 0.686530 0.748660
vt 0.717570 0.748580
vt 0.748630 0.748490
vt 0.779690 0.748400
vt 0.810760 0.748330
vt 0.841840 0.748280
vt 0.872920 0.748270
vt 0.904000 0.748330
vt 0.935110 0.748460
vt 0.966170 0.748770
vt 0.997220 0.749200
vt 0.003850 0.718440
vt 0.034900 0.717610
vt 0.065980 0.716990
vt 0.097080 0.716560
vt 0.128180 0.716280
vt 0.159270 0.716130
vt 0.190360 0.716090
vt 0.221430 0.716120
vt 0.252480 0.716220
vt 0.283510 0.716350
vt 0.314530 0.716520
vt 0.345540 0.716700
vt 0.376540 0.716880
vt 0.407530 0.717050
vt 0.438520 0.717210
vt 0.469500 0.717350
vt 0.500490 0.717460
vt 0.531490 0.717550
vt 0.562500 0.717600
vt 0.593510 0.717630
vt 0.624520 0.717660
vt 0.655540 0.717630
vt 0.686590 0.717580
vt 0.717650 0.717510
vt 0.748720 0.717440
vt 0.779800 0.717370
vt 0.810890 0.717310
vt 0.841980 0.717260
vt 0.873080 0.717260
vt 0.904180 0.717310
vt 0.935300 0.717430
vt 0.966380 0.717720
vt 0.997430 0.718110
vt 0.003500 0.687460
vt 0.034550 0.686670
vt 0.065640 0.686080
vt 0.096760 0.685660
vt 0.127880 0.685380
vt 0.159000 0.685220
vt 0.190110 0.685150
vt 0.221210 0.685160
vt 0.252280 0.685230
vt 0.283350 0.685340
vt 0.314390 0.685480
vt 0.345420 0.685630
vt 0.376440 0.685790
vt 0.407450 0.685950
vt 0.438460 0.686100
vt 0.469460 0.686230
vt 0.500460 0.686340
vt 0.531470 0.686430
vt 0.562490 0.686480
vt 0.593530 0.686500
vt 0.624550 0.686550
vt 0.655580 0.686550
vt 0.686650 0.686500
vt 0.717730 0.686460
vt 0.748810 0.686400
vt 0.779900 0.686340
vt 0.811010 0.686290
vt 0.842120 0.686250
vt 0.873230 0.686250
vt 0.904350 0.686290
vt 0.935470 0.686400
vt 0.966590 0.686650
vt 0.997640 0.686980
vt 0.003160 0.656400
vt 0.034220 0.655690
vt 0.065320 0.655140
vt 0.096450 0.654740
vt 0.127590 0.654460
vt 0.158730 0.654290
vt 0.189860 0.654210
vt 0.220980 0.654200
vt 0.252080 0.654240
vt 0.283170 0.654330
vt 0.314240 0.654450
vt 0.345290 0.654580
vt 0.376330 0.654720
vt 0.407360 0.654870
vt 0.438380 0.655000
vt 0.469400 0.655130
vt 0.500410 0.655240
vt 0.531430 0.655320
vt 0.562460 0.655380
vt 0.593490 0.655400
vt 0.624540 0.655470
vt 0.655610 0.655500
vt 0.686710 0.655460
vt 0.717800 0.655420
vt 0.748880 0.655380
vt 0.779990 0.655330
vt 0.811110 0.655280
vt 0.842230 0.655240
vt 0.873360 0.655230
vt 0.904490 0.655250
vt 0.935620 0.655340
vt 0.966750 0.655530
vt 0.997800 0.655800
vt 0.002860 0.625290
vt 0.033920 0.624650
vt 0.065020 0.624160
vt 0.096160 0.623790
vt 0.127310 0.623530
vt 0.158470 0.623360
vt 0.189620 0.623270
vt 0.220760 0.623240
vt 0.251880 0.623270
vt 0.282990 0.623330
vt 0.314080 0.623430
vt 0.345150 0.623540
vt 0.376210 0.623670
vt 0.407250 0.623800
vt 0.438290 0.623920
vt 0.469320 0.624040
vt 0.500340 0.624150
vt 0.531370 0.624230
vt 0.562400 0.624300
vt 0.593430 0.624340
vt 0.624490 0.624420
vt 0.655550 0.624460
vt 0.686690 0.624460
vt 0.717820 0.624420
vt 0.748920 0.624370
vt 0.780040 0.624330
vt 0.811180 0.624280
vt 0.842320 0.624240
vt 0.873460 0.624210
vt 0.904610 0.624210
vt 0.935740 0.624270
vt 0.966870 0.624380
vt 0.997930 0.624560
vt 0.002580 0.594110
vt 0.033650 0.593570
vt 0.064760 0.593140
vt 0.095910 0.592810
vt 0.127070 0.592570
vt 0.158240 0.592410
vt 0.189400 0.592320
vt 0.220550 0.592290
vt 0.251690 0.592300
vt 0.282810 0.592340
vt 0.313920 0.592420
vt 0.345010 0.592510
vt 0.376080 0.592620
vt 0.407140 0.592740
vt 0.438190 0.592860
vt 0.469230 0.592970
vt 0.500270 0.593070
vt 0.531310 0.593160
vt 0.562340 0.593240
vt 0.593390 0.593300
vt 0.624430 0.593370
vt 0.655540 0.593440
vt 0.686640 0.593450
vt 0.717800 0.593410
vt 0.748920 0.593370
vt 0.780060 0.593330
vt 0.811210 0.593280
vt 0.842370 0.593230
vt 0.873530 0.593190
vt 0.904680 0.593170
vt 0.935830 0.593180
vt 0.966950 0.593200
vt 0.998010 0.593290
vt 0.002360 0.562890
vt 0.033420 0.562450
vt 0.064540 0.562090
vt 0.095690 0.561810
vt 0.126860 0.561600
vt 0.158040 0.561460
vt 0.189210 0.561370
vt 0.220370 0.561330
vt 0.251520 0.561320
vt 0.282660 0.561360
vt 0.313770 0.561410
vt 0.344870 0.561490
vt 0.375950 0.561590
vt 0.407020 0.561690
vt 0.438080 0.561800
vt 0.469140 0.561900
vt 0.500180 0.562000
vt 0.531230 0.562100
vt 0.562280 0.562180
vt 0.593340 0.562260
vt 0.624410 0.562330
vt 0.655510 0.562390
vt 0.686620 0.562410
vt 0.717750 0.562400
vt 0.748890 0.562380
vt 0.780050 0.562340
vt 0.811210 0.562290
vt 0.842380 0.562240
vt 0.873540 0.562180
vt 0.904710 0.562120
vt 0.935870 0.562080
vt 0.966980 0.562020
vt 0.998040 0.562000
vt 0.002170 0.531640
vt 0.033240 0.531300
vt 0.064350 0.531000
vt 0.095520 0.530790
vt 0.126690 0.530620
vt 0.157870 0.530490
vt 0.189050 0.530410
vt 0.220220 0.530360
vt 0.251380 0.530350
vt 0.282520 0.530370
vt 0.313640 0.530410
vt 0.344750 0.530480
vt 0.375840 0.530560
vt 0.406920 0.530650
vt 0.437980 0.530750
vt 0.469040 0.530850
vt 0.500100 0.530950
vt 0.531150 0.531040
vt 0.562210 0.531130
vt 0.593270 0.531220
vt 0.624350 0.531290
vt 0.655450 0.531350
vt 0.686560 0.531390
vt 0.717690 0.531400
vt 0.748840 0.531390
vt 0.780000 0.531360
vt 0.811160 0.531310
vt 0.842340 0.531250
vt 0.873510 0.531160
vt 0.904680 0.531060
vt 0.935840 0.530960
vt 0.966950 0.530820
vt 0.998020 0.530700
vt 0.002040 0.500370
vt 0.033110 0.500140
vt 0.064220 0.499930
vt 0.095410 0.499750
vt 0.126570 0.499620
vt 0.157750 0.499520
vt 0.188930 0.499440
vt 0.220100 0.499400
vt 0.251260 0.499380
vt 0.282400 0.499380
vt 0.313530 0.499410
vt 0.344640 0.499460
vt 0.375740 0.499530
vt 0.406820 0.499610
vt 0.437890 0.499700
vt 0.468950 0.499800
vt 0.500000 0.499890
vt 0.531060 0.499990
vt 0.562120 0.500090
vt 0.593190 0.500180
vt 0.624270 0.500260
vt 0.655370 0.500330
vt 0.686480 0.500380
vt 0.717610 0.500410
vt 0.748750 0.500410
vt 0.779910 0.500390
vt 0.811080 0.500340
vt 0.842260 0.500260
vt 0.873440 0.500160
vt 0.904600 0.500020
vt 0.935770 0.499850
vt 0.966880 0.499650
vt 0.997940 0.499410
vt 0.001960 0.469090
vt 0.033030 0.468960
vt 0.064150 0.468830
vt 0.095330 0.468710
vt 0.126500 0.468620
vt 0.157670 0.468540
vt 0.188850 0.468470
vt 0.220020 0.468420
vt 0.251170 0.468390
vt 0.282320 0.468380
vt 0.313450 0.468400
vt 0.344560 0.468440
vt 0.375660 0.468500
vt 0.406730 0.468570
vt 0.437800 0.468660
vt 0.468860 0.468750
vt 0.499910 0.468840
vt 0.530970 0.468940
vt 0.562030 0.469040
vt 0.593090 0.469140
vt 0.624170 0.469230
vt 0.655260 0.469310
vt 0.686370 0.469370
vt 0.717490 0.469420
vt 0.748630 0.469430
vt 0.779790 0.469420
vt 0.810960 0.469370
vt 0.842140 0.469290
vt 0.873310 0.469160
vt 0.904480 0.468990
vt 0.935630 0.468770
vt 0.966750 0.468480
vt 0.997820 0.468140
vt 0.001950 0.437800
vt 0.033010 0.437780
vt 0.064120 0.437740
vt 0.095320 0.437660
vt 0.126470 0.437610
vt 0.157640 0.437550
vt 0.188810 0.437490
vt 0.219970 0.437440
vt 0.251120 0.437400
vt 0.282260 0.437380
vt 0.313390 0.437380
vt 0.344500 0.437410
vt 0.375600 0.437470
vt 0.406670 0.437530
vt 0.437730 0.437610
vt 0.468780 0.437690
vt 0.499830 0.437780
vt 0.530870 0.437880
vt 0.561930 0.437990
vt 0.592990 0.438100
vt 0.624060 0.438200
vt 0.655140 0.438290
vt 0.686240 0.438370
vt 0.717350 0.438430
vt 0.748490 0.438460
vt 0.779640 0.438460
vt 0.810800 0.438410
vt 0.841970 0.438320
vt 0.873150 0.438180
vt 0.904310 0.437970
vt 0.935460 0.437690
vt 0.966570 0.437330
vt 0.997640 0.436890
vt 0.001990 0.406510
vt 0.033050 0.406600
vt 0.064160 0.406640
vt 0.095340 0.406620
vt 0.126490 0.406590
vt 0.157650 0.406550
vt 0.188800 0.406500
vt 0.219950 0.406460
vt 0.251090 0.406410
vt 0.282220 0.406360
vt 0.313350 0.406330
vt 0.344480 0.406360
vt 0.375570 0.406430
vt 0.406620 0.406490
vt 0.437660 0.406550
vt 0.468700 0.406630
vt 0.499740 0.406720
vt 0.530780 0.406820
vt 0.561820 0.406930
vt 0.592870 0.407050
vt 0.623930 0.407160
vt 0.655010 0.407270
vt 0.686090 0.407370
vt 0.717200 0.407440
vt 0.748320 0.407490
vt 0.779460 0.407500
vt 0.810610 0.407460
vt 0.841770 0.407370
vt 0.872940 0.407210
vt 0.904100 0.406970
vt 0.935240 0.406640
vt 0.966350 0.406210
vt 0.997410 0.405670
vt 0.002070 0.375240
vt 0.033140 0.375430
vt 0.064240 0.375550
vt 0.095410 0.375570
vt 0.126550 0.375580
vt 0.157700 0.375550
vt 0.188840 0.375510
vt 0.219970 0.375460
vt 0.251090 0.375410
vt 0.282190 0.375360
vt 0.313290 0.375330
vt 0.344450 0.375340
vt 0.375510 0.375380
vt 0.406580 0.375460
vt 0.437610 0.375490
vt 0.468640 0.375560
vt 0.499670 0.375640
vt 0.530690 0.375750
vt 0.561730 0.375860
vt 0.592760 0.375990
vt 0.623810 0.376120
vt 0.654860 0.376240
vt 0.685940 0.376360
vt 0.717020 0.376450
vt 0.748130 0.376510
vt 0.779250 0.376540
vt 0.810390 0.376510
vt 0.841540 0.376420
vt 0.872690 0.376250
vt 0.903840 0.375990
vt 0.934980 0.375620
vt 0.966090 0.375130
vt 0.997150 0.374490
vt 0.002200 0.344000
vt 0.033260 0.344270
vt 0.064380 0.344480
vt 0.095530 0.344540
vt 0.126650 0.344560
vt 0.157780 0.344550
vt 0.188910 0.344510
vt 0.220030 0.344460
vt 0.251130 0.344410
vt 0.282210 0.344380
vt 0.313300 0.344340
vt 0.344400 0.344320
vt 0.375470 0.344330
vt 0.406520 0.344380
vt 0.437560 0.344410
vt 0.468580 0.344460
vt 0.499600 0.344550
vt 0.530620 0.344660
vt 0.561630 0.344780
vt 0.592660 0.344920
vt 0.623680 0.345060
vt 0.654720 0.345200
vt 0.685780 0.345340
vt 0.716840 0.345450
vt 0.747930 0.345540
vt 0.779030 0.345580
vt 0.810150 0.345570
vt 0.841280 0.345490
vt 0.872420 0.345320
vt 0.903560 0.345040
vt 0.934690 0.344640
vt 0.965790 0.344090
vt 0.996840 0.343380
vt 0.002360 0.312810
vt 0.033420 0.313140
vt 0.064530 0.313410
vt 0.095660 0.313510
vt 0.126780 0.313550
vt 0.157890 0.313540
vt 0.189010 0.313510
vt 0.220110 0.313450
vt 0.251200 0.313390
vt 0.282280 0.313340
vt 0.313360 0.313300
vt 0.344430 0.313260
vt 0.375470 0.313240
vt 0.406490 0.313280
vt 0.437520 0.313300
vt 0.468540 0.313360
vt 0.499550 0.313440
vt 0.530550 0.313550
vt 0.561560 0.313680
vt 0.592560 0.313830
vt 0.623570 0.313990
vt 0.654590 0.314150
vt 0.685620 0.314310
vt 0.716670 0.314450
vt 0.747730 0.314560
vt 0.778810 0.314620
vt 0.809900 0.314630
vt 0.841010 0.314560
vt 0.872130 0.314400
vt 0.903250 0.314120
vt 0.934370 0.313700
vt 0.965460 0.313110
vt 0.996510 0.312320
vt 0.002550 0.281680
vt 0.033600 0.282080
vt 0.064690 0.282370
vt 0.095830 0.282480
vt 0.126930 0.282540
vt 0.158030 0.282530
vt 0.189120 0.282490
vt 0.220210 0.282430
vt 0.251290 0.282360
vt 0.282360 0.282290
vt 0.313420 0.282230
vt 0.344460 0.282180
vt 0.375490 0.282140
vt 0.406500 0.282140
vt 0.437520 0.282170
vt 0.468520 0.282230
vt 0.499520 0.282320
vt 0.530510 0.282430
vt 0.561500 0.282570
vt 0.592490 0.282730
vt 0.623480 0.282900
vt 0.654480 0.283080
vt 0.685480 0.283260
vt 0.716500 0.283430
vt 0.747540 0.283560
vt 0.778590 0.283660
vt 0.809650 0.283690
vt 0.840740 0.283650
vt 0.871830 0.283500
vt 0.902930 0.283220
vt 0.934030 0.282790
vt 0.965120 0.282170
vt 0.996160 0.281340
vt 0.002770 0.250600
vt 0.033810 0.251040
vt 0.064890 0.251340
vt 0.096020 0.251470
vt 0.127100 0.251530
vt 0.158180 0.251520
vt 0.189250 0.251470
vt 0.220320 0.251400
vt 0.251380 0.251310
vt 0.282430 0.251220
vt 0.313480 0.251140
vt 0.344510 0.251080
vt 0.375530 0.251030
vt 0.406530 0.251020
vt 0.437540 0.251040
vt 0.468530 0.251090
vt 0.499520 0.251180
vt 0.530490 0.251290
vt 0.561470 0.251440
vt 0.592440 0.251610
vt 0.623420 0.251800
vt 0.654390 0.252000
vt 0.685370 0.252200
vt 0.716370 0.252390
vt 0.747370 0.252560
vt 0.778390 0.252690
vt 0.809420 0.252750
vt 0.840480 0.252740
vt 0.871540 0.252610
vt 0.902620 0.252350
vt 0.933700 0.251930
vt 0.964770 0.251300
vt 0.995810 0.250440
vt 0.002990 0.219600
vt 0.034020 0.220040
vt 0.065100 0.220340
vt 0.096220 0.220470
vt 0.127270 0.220530
vt 0.158320 0.220520
vt 0.189380 0.220450
vt 0.220430 0.220360
vt 0.251470 0.220250
vt 0.282510 0.220140
vt 0.313540 0.220040
vt 0.344560 0.219960
vt 0.375570 0.219910
vt 0.406580 0.219880
vt 0.437570 0.219890
vt 0.468560 0.219940
vt 0.499540 0.220020
vt 0.530510 0.220140
vt 0.561470 0.220290
vt 0.592430 0.220470
vt 0.623390 0.220680
vt 0.654350 0.220900
vt 0.685310 0.221120
vt 0.716270 0.221340
vt 0.747250 0.221540
vt 0.778230 0.221700
vt 0.809230 0.221800
vt 0.840240 0.221820
vt 0.871280 0.221730
vt 0.902320 0.221500
vt 0.933370 0.221100
vt 0.964430 0.220490
vt 0.995470 0.219620
vt 0.003200 0.188670
vt 0.034220 0.189110
vt 0.065290 0.189370
vt 0.096390 0.189500
vt 0.127420 0.189540
vt 0.158450 0.189510
vt 0.189490 0.189430
vt 0.220520 0.189310
vt 0.251550 0.189190
vt 0.282580 0.189060
vt 0.313600 0.188940
vt 0.344610 0.188840
vt 0.375620 0.188770
vt 0.406620 0.188730
vt 0.437620 0.188730
vt 0.468610 0.188770
vt 0.499590 0.188850
vt 0.530560 0.188970
vt 0.561520 0.189130
vt 0.592470 0.189320
vt 0.623420 0.189540
vt 0.654360 0.189780
vt 0.685300 0.190030
vt 0.716240 0.190280
vt 0.747180 0.190510
vt 0.778130 0.190700
vt 0.809090 0.190850
vt 0.840060 0.190910
vt 0.871050 0.190860
vt 0.902060 0.190670
vt 0.933090 0.190310
vt 0.964120 0.189730
vt 0.995150 0.188890
vt 0.003390 0.157790
vt 0.034410 0.158180
vt 0.065440 0.158400
vt 0.096530 0.158530
vt 0.127540 0.158550
vt 0.158550 0.158500
vt 0.189560 0.158400
vt 0.220580 0.158260
vt 0.251600 0.158110
vt 0.282610 0.157960
vt 0.313630 0.157830
vt 0.344650 0.157710
vt 0.375660 0.157620
vt 0.406670 0.157570
vt 0.437680 0.157560
vt 0.468670 0.157590
vt 0.499660 0.157670
vt 0.530640 0.157800
vt 0.561610 0.157960
vt 0.592570 0.158160
vt 0.623510 0.158390
vt 0.654450 0.158650
vt 0.685370 0.158920
vt 0.716290 0.159200
vt 0.747200 0.159460
vt 0.778110 0.159690
vt 0.809030 0.159870
vt 0.839960 0.159980
vt 0.870900 0.159980
vt 0.901870 0.159850
vt 0.932850 0.159540
vt 0.963860 0.159020
vt 0.994880 0.158240
vt 0.003520 0.126960
vt 0.034540 0.127270
vt 0.065550 0.127450
vt 0.096590 0.127560
vt 0.127600 0.127560
vt 0.158590 0.127490
vt 0.189590 0.127370
vt 0.220590 0.127210
vt 0.251600 0.127040
vt 0.282610 0.126870
vt 0.313640 0.126710
vt 0.344660 0.126580
vt 0.375690 0.126470
vt 0.406710 0.126410
vt 0.437740 0.126390
vt 0.468760 0.126420
vt 0.499770 0.126500
vt 0.530770 0.126620
vt 0.561760 0.126790
vt 0.592730 0.127000
vt 0.623680 0.127240
vt 0.654620 0.127510
vt 0.685540 0.127800
vt 0.716440 0.128100
vt 0.747320 0.128390
vt 0.778200 0.128660
vt 0.809070 0.128880
vt 0.839950 0.129030
vt 0.870840 0.129100
vt 0.901760 0.129030
vt 0.932700 0.128780
vt 0.963670 0.128340
vt 0.994690 0.127660
vt 0.003580 0.096160
vt 0.034590 0.096380
vt 0.065580 0.096530
vt 0.096600 0.096590
vt 0.127600 0.096570
vt 0.158560 0.096490
vt 0.189540 0.096340
vt 0.220530 0.096160
vt 0.251540 0.095950
vt 0.282560 0.095770
vt 0.313590 0.095600
vt 0.344630 0.095450
vt 0.375680 0.095330
vt 0.406740 0.095250
vt 0.437800 0.095230
vt 0.468870 0.095250
vt 0.499920 0.095330
vt 0.530960 0.095450
vt 0.561970 0.095620
vt 0.592970 0.095840
vt 0.623950 0.096090
vt 0.654900 0.096370
vt 0.685820 0.096680
vt 0.716710 0.097000
vt 0.747580 0.097320
vt 0.778430 0.097610
vt 0.809260 0.097870
vt 0.840080 0.098070
vt 0.870910 0.098180
vt 0.901760 0.098170
vt 0.932650 0.098010
vt 0.963580 0.097670
vt 0.994590 0.097130
vt 0.003550 0.065350
vt 0.034570 0.065460
vt 0.065530 0.065580
vt 0.096520 0.065620
vt 0.127470 0.065570
vt 0.158430 0.065460
vt 0.189400 0.065300
vt 0.220390 0.065090
vt 0.251410 0.064880
vt 0.282440 0.064670
vt 0.313500 0.064520
vt 0.344570 0.064350
vt 0.375660 0.064210
vt 0.406770 0.064130
vt 0.437890 0.064090
vt 0.469010 0.064110
vt 0.500110 0.064180
vt 0.531190 0.064300
vt 0.562260 0.064470
vt 0.593300 0.064690
vt 0.624320 0.064950
vt 0.655300 0.065250
vt 0.686240 0.065570
vt 0.717150 0.065900
vt 0.748010 0.066240
vt 0.778830 0.066560
vt 0.809620 0.066850
vt 0.840390 0.067080
vt 0.871150 0.067240
vt 0.901920 0.067290
vt 0.932730 0.067210
vt 0.963610 0.066970
vt 0.994590 0.066590
vt 0.003470 0.034460
vt 0.034480 0.034510
vt 0.065440 0.034600
vt 0.096370 0.034630
vt 0.127280 0.034570
vt 0.158190 0.034440
vt 0.189130 0.034260
vt 0.220090 0.034050
vt 0.251110 0.033840
vt 0.282140 0.033620
vt 0.313230 0.033440
vt 0.344370 0.033290
vt 0.375540 0.033160
vt 0.406730 0.033070
vt 0.437930 0.033020
vt 0.469140 0.033010
vt 0.500310 0.033070
vt 0.531480 0.033190
vt 0.562620 0.033360
vt 0.593730 0.033580
vt 0.624810 0.033850
vt 0.655850 0.034150
vt 0.686830 0.034480
vt 0.717760 0.034820
vt 0.748630 0.035170
vt 0.779450 0.035510
vt 0.810200 0.035820
vt 0.840910 0.036080
vt 0.871590 0.036260
vt 0.902270 0.036350
vt 0.932970 0.036320
vt 0.963750 0.036190
vt 0.994700 0.035950
vt 0.003430 0.003460
vt 0.034430 0.003500
vt 0.065330 0.003590
vt 0.096150 0.003620
vt 0.126960 0.003560
vt 0.157800 0.003420
vt 0.188690 0.003240
vt 0.219650 0.003020
vt 0.250670 0.002790
vt 0.281750 0.002580
vt 0.312900 0.002390
vt 0.344100 0.002230
vt 0.375360 0.002100
vt 0.406640 0.002010
vt 0.437950 0.001950
vt 0.469250 0.001950
vt 0.500540 0.002010
vt 0.531820 0.002130
vt 0.563060 0.002300
vt 0.594280 0.002520
vt 0.625450 0.002790
vt 0.656570 0.003090
vt 0.687620 0.003420
vt 0.718600 0.003770
vt 0.749500 0.004130
vt 0.780320 0.004470
vt 0.811050 0.004790
vt 0.841700 0.005050
vt 0.872280 0.005250
vt 0.902810 0.005350
vt 0.933350 0.005340
vt 0.963980 0.005240
vt 0.994780 0.005160
vn 0.997624 0.048717 0.048717
vn 0.997624 0.048717 0.048717
vn 0.997624 0.048717 0.048717
vn 0.997624 0.048717 0.048717
vn 0.997620 0.046778 -0.050659
vn 0.997620 0.046778 -0.050659
vn 0.997620 0.046778 -0.050659
vn 0.997620 0.046778 -0.050659
vn 0.999994 -0.000464 0.003425
vn 0.999994 -0.000464 0.003425
vn 0.999994 -0.000464 0.003425
vn 0.999994 -0.000464 0.003425
vn 0.998875 0.034974 0.032019
vn 0.998875 0.034974 0.032019
vn 0.998875 0.034974 0.032019
vn 0.998875 0.034974 0.032019
vn 0.995896 0.087993 0.021200
vn 0.995896 0.087993 0.021200
vn 0.995896 0.087993 0.021200
vn 0.995896 0.087993 0.021200
vn 0.995756 0.019157 -0.090022
vn 0.995756 0.019157 -0.090022
vn 0.995756 0.019157 -0.090022
vn 0.995756 0.019157 -0.090022
vn 0.998610 -0.046768 0.024301
vn 0.998610 -0.046768 0.024301
vn 0.998610 -0.046768 0.024301
vn 0.998610 -0.046768 0.024301
vn 0.982739 0.119291 0.141403
vn 0.982739 0.119291 0.141403
vn 0.982738 0.119291 0.141403
vn 0.982739 0.119291 0.141403
vn 0.978986 0.192560 -0.067137
vn 0.978986 0.192560 -0.067137
vn 0.978986 0.192560 -0.067137
vn 0.978986 0.192560 -0.067137
vn 0.994453 0.102085 -0.025318
vn 0.994453 0.102085 -0.025318
vn 0.994453 0.102085 -0.025318
vn 0.994453 0.102085 -0.025318
vn 0.992117 0.118202 0.041614
vn 0.992117 0.118202 0.041614
vn 0.992117 0.118202 0.041614
vn 0.992117 0.118202 0.041614
vn 0.985837 0.167485 0.008682
vn 0.985837 0.167485 0.008682
vn 0.985837 0.167485 0.008682
vn 0.985837 0.167485 0.008682
vn 0.987599 0.155602 -0.020882
vn 0.987599 0.155602 -0.020882
vn 0.987599 0.155602 -0.020882
vn 0.987599 0.155602 -0.020882
vn 0.989045 0.147111 0.012194
vn 0.989045 0.147111 0.012194
vn 0.989045 0.147111 0.012194
vn 0.989045 0.147111 0.012194
vn 0.993315 0.096237 -0.063756
vn 0.993315 0.096237 -0.063756
vn 0.993315 0.096237 -0.063756
vn 0.993315 0.096237 -0.063756
vn 0.996317 -0.042113 -0.074693
vn 0.996317 -0.042113 -0.074693
vn 0.996317 -0.042113 -0.074693
vn 0.996317 -0.042113 -0.074693
vn 0.993969 -0.109430 0.007101
vn 0.993969 -0.109430 0.007101
vn 0.993969 -0.109430 0.007101
vn 0.993969 -0.109430 0.007101
vn 0.997227 -0.039764 0.062900
vn 0.997227 -0.039764 0.062900
vn 0.997227 -0.039764 0.062900
vn 0.997227 -0.039764 0.062900
vn 0.995976 0.073866 0.050759
vn 0.995976 0.073866 0.050759
vn 0.995976 0.073866 0.050759
vn 0.995976 0.073866 0.050759
vn 0.991341 0.131125 0.007080
vn 0.991341 0.131125 0.007080
vn 0.991341 0.131124 0.007080
vn 0.991341 0.131125 0.007080
vn 0.993378 0.111731 -0.026757
vn 0.993378 0.111731 -0.026757
vn 0.993378 0.111731 -0.026757
vn 0.993378 0.111731 -0.026757
vn 0.993285 0.112397 0.027431
vn 0.993285 0.112397 0.027431
vn 0.993285 0.112397 0.027431
vn 0.993285 0.112397 0.027431
vn 0.991436 0.009304 -0.130262
vn 0.991436 0.009304 -0.130262
vn 0.991436 0.009304 -0.130262
vn 0.991436 0.009304 -0.130262
vn 0.996300 -0.060777 0.060775
vn 0.996300 -0.060777 0.060775
vn 0.996300 -0.060777 0.060775
vn 0.996300 -0.060777 0.060775
vn 0.990090 -0.099300 -0.099300
vn 0.990090 -0.099300 -0.099300
vn 0.990090 -0.099300 -0.099300
vn 0.990090 -0.099300 -0.099300
vn 0.984085 -0.176458 0.020937
vn 0.984085 -0.176458 0.020937
vn 0.984085 -0.176458 0.020937
vn 0.984085 -0.176458 0.020937
vn 0.982491 -0.184069 -0.028799
vn 0.982491 -0.184069 -0.028799
vn 0.982491 -0.184069 -0.028799
vn 0.982491 -0.184069 -0.028799
vn 0.971261 -0.236579 -0.026145
vn 0.971261 -0.236579 -0.026145
vn 0.971260 -0.236579 -0.026145
vn 0.971260 -0.236579 -0.026145
vn 0.982175 -0.137304 0.128374
vn 0.982175 -0.137304 0.128374
vn 0.982175 -0.137304 0.128374
vn 0.982175 -0.137304 0.128374
vn 0.993762 0.074206 0.083246
vn 0.993762 0.074206 0.083246
vn 0.993762 0.074206 0.083246
vn 0.993762 0.074206 0.083246
vn 0.993330 0.100031 -0.057357
vn 0.993330 0.100031 -0.057357
vn 0.993330 0.100031 -0.057357
vn 0.993330 0.100031 -0.057357
vn 0.999539 0.021473 -0.021471
vn 0.999539 0.021473 -0.021471
vn 0.999539 0.021473 -0.021471
vn 0.999539 0.021473 -0.021471
vn 0.993179 0.018174 0.115174
vn 0.993179 0.018174 0.115174
vn 0.993179 0.018174 0.115174
vn 0.993179 0.018174 0.115174
vn 0.992525 0.120966 -0.016157
vn 0.992525 0.120966 -0.016157
vn 0.992525 0.120966 -0.016157
vn 0.992525 0.120966 -0.016157
vn 0.982745 0.184555 -0.012296
vn 0.982745 0.184555 -0.012296
vn 0.982745 0.184555 -0.012296
vn 0.982745 0.184555 -0.012296
vn 0.988637 0.144517 0.041376
vn 0.988637 0.144517 0.041376
vn 0.988637 0.144517 0.041376
vn 0.988637 0.144517 0.041376
vn 0.992768 0.115048 0.034292
vn 0.992768 0.115048 0.034292
vn 0.992768 0.115048 0.034292
vn 0.992768 0.115048 0.034292
vn 0.978231 0.181161 -0.101218
vn 0.978231 0.181161 -0.101218
vn 0.978231 0.181161 -0.101218
vn 0.978231 0.181161 -0.101218
vn 0.973000 0.229783 0.021694
vn 0.973000 0.229783 0.021694
vn 0.973000 0.229783 0.021694
vn 0.973000 0.229783 0.021694
vn 0.988943 0.058950 0.136073
vn 0.988943 0.058950 0.136073
vn 0.988944 0.058950 0.136073
vn 0.988944 0.058950 0.136073
vn 0.997852 -0.016819 -0.063306
vn 0.997853 -0.016819 -0.063306
vn 0.997853 -0.016819 -0.063306
vn 0.997853 -0.016819 -0.063306
vn 0.995215 0.097194 -0.010066
vn 0.995215 0.097194 -0.010066
vn 0.995215 0.097194 -0.010066
vn 0.995215 0.097194 -0.010066
vn 0.994925 0.092914 0.038612
vn 0.994925 0.092914 0.038612
vn 0.994925 0.092914 0.038612
vn 0.994925 0.092914 0.038612
vn 0.994524 -0.057043 -0.087568
vn 0.994524 -0.057043 -0.087568
vn 0.994524 -0.057043 -0.087568
vn 0.994524 -0.057043 -0.087568
vn 0.991330 -0.130915 -0.011228
vn 0.991330 -0.130915 -0.011228
vn 0.991330 -0.130915 -0.011228
vn 0.991330 -0.130915 -0.011228
vn 0.994768 -0.026412 0.098686
vn 0.994768 -0.026412 0.098686
vn 0.994768 -0.026412 0.098686
vn 0.994768 -0.026412 0.098686
vn 0.989737 0.036358 -0.138198
vn 0.989737 0.036358 -0.138198
vn 0.989737 0.036358 -0.138198
vn 0.989737 0.036358 -0.138198
vn 0.990041 0.038157 -0.135507
vn 0.990041 0.038157 -0.135507
vn 0.990041 0.038157 -0.135507
vn 0.990041 0.038157 -0.135507
vn 0.999520 0.030161 -0.007142
vn 0.999520 0.030161 -0.007142
vn 0.999520 0.030161 -0.007142
vn 0.999520 0.030161 -0.007142
vn 0.993698 -0.004676 0.111994
vn 0.993698 -0.004676 0.111994
vn 0.993698 -0.004676 0.111994
vn 0.993698 -0.004676 0.111994
vn 0.995485 -0.029235 0.090302
vn 0.995485 -0.029235 0.090302
vn 0.995485 -0.029235 0.090302
vn 0.995485 -0.029235 0.090302
vn 0.999221 -0.032643 0.022181
vn 0.999221 -0.032643 0.022181
vn 0.999221 -0.032643 0.022181
vn 0.999221 -0.032643 0.022181
vn 0.995375 -0.051874 -0.080857
vn 0.995375 -0.051874 -0.080857
vn 0.995375 -0.051874 -0.080857
vn 0.995375 -0.051874 -0.080857
vn 0.994247 -0.031585 0.102350
vn 0.994247 -0.031585 0.102350
vn 0.994247 -0.031585 0.102350
vn 0.994247 -0.031585 0.102350
vn 0.978986 0.089737 -0.183124
vn 0.978986 0.089737 -0.183124
vn 0.978986 0.089737 -0.183124
vn 0.978986 0.089737 -0.183124
vn 0.985532 0.140104 0.095378
vn 0.985532 0.140104 0.095378
vn 0.985532 0.140104 0.095378
vn 0.985532 0.140104 0.095378
vn 0.968644 0.238724 -0.068842
vn 0.968644 0.238724 -0.068842
vn 0.968644 0.238724 -0.068842
vn 0.968644 0.238724 -0.068842
vn 0.947235 0.320505 0.004680
vn 0.947235 0.320505 0.004680
vn 0.947235 0.320505 0.004680
vn 0.947235 0.320505 0.004680
vn 0.965799 0.232698 -0.114385
vn 0.965799 0.232698 -0.114385
vn 0.965799 0.232698 -0.114385
vn 0.965799 0.232698 -0.114385
vn 0.979075 0.201485 -0.028561
vn 0.979075 0.201485 -0.028561
vn 0.979075 0.201485 -0.028561
vn 0.979075 0.201485 -0.028561
vn 0.970659 0.154344 0.184386
vn 0.970659 0.154344 0.184386
vn 0.970659 0.154344 0.184386
vn 0.970659 0.154344 0.184386
vn 0.992309 -0.117701 -0.038343
vn 0.992309 -0.117701 -0.038343
vn 0.992309 -0.117701 -0.038343
vn 0.992309 -0.117701 -0.038343
vn 0.945020 -0.307916 -0.110112
vn 0.945020 -0.307916 -0.110112
vn 0.945020 -0.307916 -0.110112
vn 0.945020 -0.307916 -0.110112
vn 0.971782 -0.044178 0.231707
vn 0.971782 -0.044178 0.231707
vn 0.971782 -0.044178 0.231707
vn 0.971782 -0.044178 0.231707
vn 0.995012 -0.044127 0.089469
vn 0.995012 -0.044127 0.089469
vn 0.995012 -0.044127 0.089469
vn 0.995012 -0.044127 0.089469
vn 0.993337 -0.100822 0.055823
vn 0.993337 -0.100822 0.055823
vn 0.993337 -0.100822 0.055823
vn 0.993337 -0.100822 0.055823
vn 0.991401 -0.123879 -0.042159
vn 0.991401 -0.123879 -0.042159
vn 0.991401 -0.123879 -0.042159
vn 0.991401 -0.123879 -0.042159
vn 0.993894 -0.088906 0.065347
vn 0.993894 -0.088906 0.065347
vn 0.993894 -0.088906 0.065347
vn 0.993894 -0.088906 0.065347
vn 0.998249 -0.011694 0.057989
vn 0.998249 -0.011694 0.057989
vn 0.998249 -0.011694 0.057989
vn 0.998249 -0.011694 0.057989
vn 0.996970 -0.027068 -0.072927
vn 0.996970 -0.027068 -0.072927
vn 0.996970 -0.027068 -0.072927
vn 0.996970 -0.027068 -0.072927
vn 0.989232 -0.132178 -0.062842
vn 0.989232 -0.132178 -0.062842
vn 0.989232 -0.132178 -0.062842
vn 0.989232 -0.132178 -0.062842
vn 0.979176 -0.201496 -0.024775
vn 0.979176 -0.201496 -0.024775
vn 0.979176 -0.201496 -0.024775
vn 0.979176 -0.201496 -0.024775
vn 0.984380 -0.165696 0.059502
vn 0.984380 -0.165696 0.059502
vn 0.984380 -0.165696 0.059502
vn 0.984380 -0.165696 0.059502
vn 0.993486 -0.105970 0.041896
vn 0.993486 -0.105970 0.041896
vn 0.993486 -0.105970 0.041896
vn 0.993486 -0.105970 0.041896
vn 0.995326 -0.096262 -0.007761
vn 0.995326 -0.096262 -0.007761
vn 0.995326 -0.096262 -0.007761
vn 0.995326 -0.096262 -0.007761
vn 0.982365 -0.076719 -0.170511
vn 0.982365 -0.076719 -0.170511
vn 0.982365 -0.076719 -0.170511
vn 0.982365 -0.076719 -0.170511
vn 0.998494 -0.036740 0.040732
vn 0.998494 -0.036740 0.040732
vn 0.998494 -0.036740 0.040732
vn 0.998494 -0.036740 0.040732
vn 0.982900 -0.002023 0.184129
vn 0.982900 -0.002023 0.184129
vn 0.982900 -0.002023 0.184129
vn 0.982900 -0.002023 0.184129
vn 0.993294 0.093958 -0.067367
vn 0.993294 0.093958 -0.067367
vn 0.993294 0.093958 -0.067367
vn 0.993294 0.093958 -0.067367
vn 0.969488 0.239363 -0.052903
vn 0.969488 0.239363 -0.052903
vn 0.969488 0.239363 -0.052903
vn 0.969488 0.239363 -0.052903
vn 0.944411 0.328753 0.003205
vn 0.944411 0.328753 0.003205
vn 0.944411 0.328753 0.003205
vn 0.944411 0.328753 0.003205
vn 0.955403 0.294170 0.025874
vn 0.955403 0.294170 0.025874
vn 0.955403 0.294170 0.025874
vn 0.955403 0.294170 0.025874
vn 0.985821 0.167275 0.013260
vn 0.985821 0.167275 0.013260
vn 0.985821 0.167275 0.013260
vn 0.985821 0.167275 0.013260
vn 0.996724 0.080555 0.007274
vn 0.996724 0.080555 0.007274
vn 0.996724 0.080555 0.007274
vn 0.996724 0.080555 0.007274
vn 0.989823 0.140131 -0.024773
vn 0.989823 0.140131 -0.024773
vn 0.989823 0.140131 -0.024773
vn 0.989823 0.140131 -0.024773
vn 0.990123 0.128898 0.055146
vn 0.990123 0.128898 0.055146
vn 0.990123 0.128898 0.055146
vn 0.990123 0.128898 0.055146
vn 0.983043 -0.035775 -0.179851
vn 0.983043 -0.035775 -0.179851
vn 0.983043 -0.035775 -0.179851
vn 0.983043 -0.035775 -0.179851
vn 0.984771 -0.173828 0.003003
vn 0.984771 -0.173828 0.003003
vn 0.984771 -0.173828 0.003003
vn 0.984771 -0.173828 0.003003
vn 0.973364 -0.214535 0.080849
vn 0.973364 -0.214535 0.080849
vn 0.973364 -0.214535 0.080849
vn 0.973364 -0.214535 0.080849
vn 0.990672 -0.133294 0.028305
vn 0.990672 -0.133294 0.028305
vn 0.990672 -0.133294 0.028305
vn 0.990672 -0.133294 0.028305
vn 0.994376 -0.001548 -0.105895
vn 0.994376 -0.001548 -0.105895
vn 0.994376 -0.001548 -0.105895
vn 0.994376 -0.001548 -0.105895
vn 0.997135 0.075639 0.001150
vn 0.997135 0.075639 0.001150
vn 0.997135 0.075639 0.001150
vn 0.997135 0.075639 0.001150
vn 0.988150 0.088708 0.125264
vn 0.988150 0.088708 0.125264
vn 0.988150 0.088708 0.125264
vn 0.988150 0.088708 0.125264
vn 0.970440 0.128280 -0.204426
vn 0.970440 0.128280 -0.204426
vn 0.970440 0.128280 -0.204426
vn 0.970440 0.128280 -0.204426
vn 0.973983 0.219270 -0.057251
vn 0.973983 0.219270 -0.057251
vn 0.973983 0.219270 -0.057251
vn 0.973983 0.219270 -0.057251
vn 0.918577 0.149252 0.365978
vn 0.918577 0.149252 0.365978
vn 0.918577 0.149252 0.365978
vn 0.918577 0.149252 0.365978
vn 0.996617 0.030783 0.076198
vn 0.996617 0.030783 0.076198
vn 0.996617 0.030783 0.076198
vn 0.996617 0.030783 0.076198
vn 0.995071 0.078664 0.060375
vn 0.995071 0.078664 0.060375
vn 0.995071 0.078664 0.060375
vn 0.995071 0.078664 0.060375
vn 0.990913 0.133728 -0.014424
vn 0.990913 0.133728 -0.014424
vn 0.990913 0.133728 -0.014424
vn 0.990913 0.133728 -0.014424
vn 0.998519 0.053844 -0.007739
vn 0.998519 0.053844 -0.007739
vn 0.998519 0.053844 -0.007739
vn 0.998519 0.053844 -0.007739
vn 0.990948 -0.132514 0.021482
vn 0.990948 -0.132514 0.021482
vn 0.990948 -0.132514 0.021482
vn 0.990948 -0.132514 0.021482
vn 0.997461 -0.070357 0.010988
vn 0.997461 -0.070357 0.010988
vn 0.997461 -0.070357 0.010988
vn 0.997461 -0.070357 0.010988
vn 0.987422 0.156079 -0.025233
vn 0.987422 0.156079 -0.025233
vn 0.987422 0.156079 -0.025233
vn 0.987422 0.156079 -0.025233
vn 0.963555 0.267045 -0.015767
vn 0.963555 0.267045 -0.015767
vn 0.963555 0.267045 -0.015767
vn 0.963555 0.267045 -0.015767
vn 0.976196 0.214668 0.030969
vn 0.976196 0.214668 0.030969
vn 0.976196 0.214668 0.030969
vn 0.976196 0.214667 0.030969
vn 0.998009 0.053011 -0.034169
vn 0.998009 0.053011 -0.034169
vn 0.998009 0.053011 -0.034169
vn 0.998009 0.053011 -0.034169
vn 0.998464 -0.049768 -0.024359
vn 0.998464 -0.049768 -0.024359
vn 0.998464 -0.049768 -0.024359
vn 0.998464 -0.049768 -0.024359
vn 0.995691 -0.004497 -0.092628
vn 0.995691 -0.004497 -0.092628
vn 0.995691 -0.004497 -0.092628
vn 0.995691 -0.004497 -0.092628
vn 0.997015 0.051485 0.057534
vn 0.997015 0.051485 0.057534
vn 0.997015 0.051485 0.057534
vn 0.997015 0.051485 0.057534
vn 0.994077 -0.067178 0.085431
vn 0.994077 -0.067178 0.085431
vn 0.994077 -0.067178 0.085431
vn 0.994077 -0.067178 0.085431
vn 0.966507 -0.249845 -0.058671
vn 0.966507 -0.249844 -0.058671
vn 0.966507 -0.249844 -0.058671
vn 0.966507 -0.249844 -0.058671
vn 0.942883 -0.333101 -0.003925
vn 0.942883 -0.333101 -0.003925
vn 0.942883 -0.333101 -0.003925
vn 0.942883 -0.333101 -0.003925
vn 0.950549 -0.297216 0.090113
vn 0.950549 -0.297216 0.090113
vn 0.950549 -0.297216 0.090113
vn 0.950549 -0.297216 0.090113
vn 0.967995 -0.246838 -0.045349
vn 0.967995 -0.246838 -0.045349
vn 0.967995 -0.246838 -0.045349
vn 0.967995 -0.246838 -0.045349
vn 0.973484 -0.227002 -0.028255
vn 0.973484 -0.227002 -0.028255
vn 0.973484 -0.227002 -0.028255
vn 0.973484 -0.227002 -0.028255
vn 0.973569 -0.225460 -0.036494
vn 0.973569 -0.225460 -0.036494
vn 0.973569 -0.225460 -0.036494
vn 0.973569 -0.225460 -0.036494
vn 0.972279 -0.217433 0.086003
vn 0.972279 -0.217433 0.086003
vn 0.972279 -0.217433 0.086003
vn 0.972279 -0.217433 0.086003
vn 0.962438 -0.251337 -0.102681
vn 0.962438 -0.251337 -0.102681
vn 0.962438 -0.251337 -0.102681
vn 0.962438 -0.251337 -0.102681
vn 0.955511 -0.240902 -0.170192
vn 0.955511 -0.240902 -0.170192
vn 0.955511 -0.240902 -0.170192
vn 0.955511 -0.240902 -0.170192
vn 0.983001 -0.172151 -0.063819
vn 0.983001 -0.172151 -0.063819
vn 0.983001 -0.172151 -0.063819
vn 0.983001 -0.172151 -0.063819
vn 0.980449 -0.152940 0.123814
vn 0.980449 -0.152940 0.123814
vn 0.980449 -0.152940 0.123814
vn 0.980449 -0.152940 0.123814
vn 0.986981 -0.093062 0.131176
vn 0.986982 -0.093062 0.131176
vn 0.986981 -0.093062 0.131176
vn 0.986981 -0.093062 0.131176
vn 0.997380 -0.058691 -0.042280
vn 0.997380 -0.058691 -0.042280
vn 0.997380 -0.058691 -0.042280
vn 0.997380 -0.058691 -0.042280
vn 0.998091 -0.060434 0.012735
vn 0.998091 -0.060434 0.012735
vn 0.998091 -0.060434 0.012735
vn 0.998091 -0.060434 0.012735
vn 0.990342 -0.065706 0.122088
vn 0.990342 -0.065706 0.122088
vn 0.990342 -0.065706 0.122088
vn 0.990342 -0.065706 0.122088
vn 0.989946 -0.038651 -0.136064
vn 0.989946 -0.038651 -0.136064
vn 0.989946 -0.038651 -0.136064
vn 0.989946 -0.038651 -0.136064
vn 0.982455 -0.131874 -0.131880
vn 0.982455 -0.131874 -0.131880
vn 0.982455 -0.131874 -0.131880
vn 0.982455 -0.131874 -0.131880
vn 0.933007 -0.254460 0.254456
vn 0.933007 -0.254460 0.254456
vn 0.933007 -0.254460 0.254456
vn 0.933007 -0.254460 0.254456
vn 0.996622 -0.030887 0.076095
vn 0.996622 -0.030887 0.076095
vn 0.996622 -0.030887 0.076095
vn 0.996622 -0.030887 0.076095
vn 0.994982 -0.082237 0.056997
vn 0.994982 -0.082237 0.056997
vn 0.994982 -0.082237 0.056997
vn 0.994982 -0.082237 0.056997
vn 0.995960 -0.066186 0.060686
vn 0.995960 -0.066186 0.060686
vn 0.995960 -0.066186 0.060686
vn 0.995960 -0.066186 0.060686
vn 0.997617 0.049106 -0.048476
vn 0.997617 0.049106 -0.048476
vn 0.997617 0.049106 -0.048476
vn 0.997617 0.049106 -0.048476
vn 0.991150 0.123085 -0.049724
vn 0.991150 0.123085 -0.049724
vn 0.991150 0.123085 -0.049724
vn 0.991150 0.123085 -0.049724
vn 0.990536 0.085616 0.107276
vn 0.990536 0.085616 0.107276
vn 0.990536 0.085616 0.107276
vn 0.990536 0.085616 0.107276
vn 0.998642 -0.045204 -0.025899
vn 0.998642 -0.045204 -0.025899
vn 0.998642 -0.045204 -0.025899
vn 0.998642 -0.045204 -0.025899
vn 0.993145 -0.111146 0.036197
vn 0.993145 -0.111146 0.036197
vn 0.993145 -0.111146 0.036197
vn 0.993145 -0.111146 0.036197
vn 0.983850 -0.142006 -0.108961
vn 0.983850 -0.142006 -0.108961
vn 0.983850 -0.142006 -0.108961
vn 0.983850 -0.142006 -0.108961
vn 0.995936 -0.089948 -0.004505
vn 0.995936 -0.089948 -0.004505
vn 0.995936 -0.089948 -0.004505
vn 0.995936 -0.089948 -0.004505
vn 0.998435 0.012036 -0.054616
vn 0.998435 0.012036 -0.054616
vn 0.998435 0.012036 -0.054616
vn 0.998435 0.012036 -0.054616
vn 0.992660 0.098876 0.069644
vn 0.992660 0.098876 0.069644
vn 0.992660 0.098876 0.069644
vn 0.992660 0.098876 0.069644
vn 0.980461 0.191406 0.045384
vn 0.980461 0.191406 0.045384
vn 0.980461 0.191406 0.045384
vn 0.980461 0.191406 0.045384
vn 0.986194 0.059575 -0.154508
vn 0.986194 0.059575 -0.154508
vn 0.986194 0.059575 -0.154508
vn 0.986194 0.059575 -0.154508
vn 0.980897 -0.099219 -0.167319
vn 0.980897 -0.099219 -0.167319
vn 0.980897 -0.099219 -0.167319
vn 0.980897 -0.099219 -0.167319
vn 0.990130 -0.137602 -0.026628
vn 0.990130 -0.137602 -0.026628
vn 0.990130 -0.137602 -0.026628
vn 0.990130 -0.137602 -0.026628
vn 0.978317 -0.127302 0.163368
vn 0.978317 -0.127302 0.163368
vn 0.978317 -0.127302 0.163368
vn 0.978317 -0.127302 0.163368
vn 0.986984 -0.142468 -0.074597
vn 0.986984 -0.142468 -0.074597
vn 0.986984 -0.142468 -0.074597
vn 0.986984 -0.142468 -0.074597
vn 0.988169 -0.010925 0.152981
vn 0.988169 -0.010925 0.152981
vn 0.988169 -0.010925 0.152981
vn 0.988169 -0.010925 0.152981
vn 0.985196 0.167044 -0.038529
vn 0.985196 0.167044 -0.038529
vn 0.985196 0.167044 -0.038529
vn 0.985196 0.167044 -0.038529
vn 0.985994 0.147800 0.077275
vn 0.985994 0.147800 0.077275
vn 0.985994 0.147800 0.077275
vn 0.985994 0.147800 0.077275
vn 0.965288 0.013312 -0.260848
vn 0.965288 0.013312 -0.260848
vn 0.965288 0.013312 -0.260848
vn 0.965288 0.013312 -0.260848
vn 0.995273 0.077618 0.058370
vn 0.995273 0.077618 0.058370
vn 0.995273 0.077618 0.058370
vn 0.995273 0.077618 0.058370
vn 0.977826 0.153339 -0.142633
vn 0.977826 0.153339 -0.142633
vn 0.977826 0.153339 -0.142633
vn 0.977826 0.153339 -0.142633
vn 0.985668 0.079979 0.148532
vn 0.985668 0.079979 0.148532
vn 0.985668 0.079979 0.148532
vn 0.985668 0.079979 0.148532
vn 0.970203 0.122591 0.208992
vn 0.970203 0.122591 0.208992
vn 0.970203 0.122591 0.208992
vn 0.970203 0.122591 0.208992
vn 0.988419 0.118438 -0.094870
vn 0.988419 0.118438 -0.094870
vn 0.988419 0.118438 -0.094870
vn 0.988419 0.118438 -0.094870
vn 0.997236 0.072269 0.017241
vn 0.997236 0.072269 0.017241
vn 0.997236 0.072269 0.017241
vn 0.997236 0.072269 0.017241
vn 0.991833 0.067848 0.108001
vn 0.991833 0.067848 0.108001
vn 0.991833 0.067848 0.108001
vn 0.991833 0.067848 0.108001
vn 0.983403 -0.018999 -0.180435
vn 0.983403 -0.018999 -0.180435
vn 0.983403 -0.018999 -0.180435
vn 0.983403 -0.018999 -0.180435
vn 0.986500 -0.001899 -0.163748
vn 0.986500 -0.001899 -0.163748
vn 0.986500 -0.001899 -0.163748
vn 0.986500 -0.001899 -0.163748
vn 0.925560 0.178485 0.333888
vn 0.925560 0.178485 0.333888
vn 0.925560 0.178485 0.333888
vn 0.925560 0.178485 0.333888
vn 0.998592 0.007259 0.052556
vn 0.998592 0.007259 0.052556
vn 0.998592 0.007259 0.052556
vn 0.998592 0.007259 0.052556
vn 0.999843 -0.016988 0.005086
vn 0.999843 -0.016988 0.005086
vn 0.999843 -0.016988 0.005086
vn 0.999843 -0.016988 0.005086
vn 0.993034 -0.031853 0.113445
vn 0.993034 -0.031853 0.113445
vn 0.993034 -0.031853 0.113446
vn 0.993034 -0.031853 0.113446
vn 0.998297 -0.057212 -0.011437
vn 0.998297 -0.057212 -0.011437
vn 0.998297 -0.057212 -0.011437
vn 0.998297 -0.057212 -0.011437
vn 0.991502 -0.111542 -0.066957
vn 0.991502 -0.111542 -0.066957
vn 0.991502 -0.111542 -0.066957
vn 0.991502 -0.111542 -0.066957
vn 0.989976 -0.110717 0.087686
vn 0.989976 -0.110717 0.087686
vn 0.989976 -0.110717 0.087686
vn 0.989976 -0.110717 0.087686
vn 0.989290 -0.089508 -0.115298
vn 0.989290 -0.089508 -0.115298
vn 0.989290 -0.089508 -0.115298
vn 0.989290 -0.089508 -0.115298
vn 0.994337 -0.070580 0.079455
vn 0.994337 -0.070580 0.079455
vn 0.994337 -0.070580 0.079455
vn 0.994337 -0.070580 0.079455
vn 0.980679 -0.069458 -0.182876
vn 0.980679 -0.069458 -0.182876
vn 0.980679 -0.069458 -0.182876
vn 0.980679 -0.069458 -0.182876
vn 0.989346 -0.062478 0.131493
vn 0.989346 -0.062478 0.131493
vn 0.989346 -0.062478 0.131493
vn 0.989346 -0.062478 0.131493
vn 0.996696 -0.042623 -0.069148
vn 0.996695 -0.042623 -0.069148
vn 0.996696 -0.042623 -0.069148
vn 0.996696 -0.042623 -0.069148
vn 0.987676 -0.075278 0.137223
vn 0.987676 -0.075278 0.137223
vn 0.987676 -0.075278 0.137223
vn 0.987676 -0.075278 0.137223
vn 0.987604 -0.156697 -0.009205
vn 0.987604 -0.156697 -0.009205
vn 0.987604 -0.156697 -0.009205
vn 0.987604 -0.156697 -0.009205
vn 0.988860 -0.059909 -0.136259
vn 0.988860 -0.059909 -0.136259
vn 0.988860 -0.059909 -0.136259
vn 0.988860 -0.059909 -0.136259
vn 0.979081 0.120142 -0.164215
vn 0.979081 0.120142 -0.164215
vn 0.979081 0.120142 -0.164215
vn 0.979081 0.120142 -0.164215
vn 0.991069 0.093702 -0.094879
vn 0.991069 0.093702 -0.094879
vn 0.991069 0.093702 -0.094879
vn 0.991069 0.093702 -0.094879
vn 0.986107 0.017172 0.165221
vn 0.986107 0.017172 0.165221
vn 0.986107 0.017172 0.165221
vn 0.986107 0.017172 0.165221
vn 0.992354 -0.015496 -0.122449
vn 0.992354 -0.015496 -0.122449
vn 0.992354 -0.015496 -0.122449
vn 0.992354 -0.015496 -0.122449
vn 0.960410 -0.067264 0.270350
vn 0.960410 -0.067264 0.270350
vn 0.960410 -0.067264 0.270350
vn 0.960410 -0.067264 0.270350
vn 0.994854 -0.100102 -0.015681
vn 0.994854 -0.100102 -0.015681
vn 0.994854 -0.100102 -0.015681
vn 0.994854 -0.100102 -0.015681
vn 0.994631 -0.095572 0.039689
vn 0.994631 -0.095572 0.039689
vn 0.994631 -0.095572 0.039689
vn 0.994631 -0.095572 0.039689
vn 0.971234 0.027419 -0.236542
vn 0.971234 0.027419 -0.236542
vn 0.971234 0.027419 -0.236542
vn 0.971234 0.027419 -0.236542
vn 0.996874 0.010581 0.078301
vn 0.996874 0.010581 0.078301
vn 0.996874 0.010581 0.078301
vn 0.996874 0.010581 0.078301
vn 0.997410 0.033814 -0.063485
vn 0.997410 0.033814 -0.063485
vn 0.997410 0.033814 -0.063485
vn 0.997410 0.033814 -0.063485
vn 0.971607 0.186073 0.146138
vn 0.971607 0.186073 0.146138
vn 0.971607 0.186073 0.146138
vn 0.971607 0.186073 0.146138
vn 0.984815 0.083733 0.152077
vn 0.984815 0.083733 0.152077
vn 0.984815 0.083733 0.152077
vn 0.984815 0.083733 0.152077
vn 0.987985 -0.027125 -0.152151
vn 0.987985 -0.027125 -0.152151
vn 0.987985 -0.027125 -0.152151
vn 0.987985 -0.027125 -0.152151
vn 0.998634 -0.052163 0.003168
vn 0.998634 -0.052162 0.003168
vn 0.998634 -0.052162 0.003168
vn 0.998634 -0.052163 0.003168
vn 0.991236 -0.045747 0.123931
vn 0.991236 -0.045747 0.123931
vn 0.991236 -0.045747 0.123931
vn 0.991236 -0.045747 0.123931
vn 0.985549 0.133709 -0.103999
vn 0.985549 0.133709 -0.103999
vn 0.985549 0.133709 -0.103999
vn 0.985549 0.133709 -0.103999
vn 0.955609 0.289056 -0.057086
vn 0.955609 0.289056 -0.057086
vn 0.955609 0.289056 -0.057086
vn 0.955609 0.289056 -0.057086
vn 0.987793 0.010435 0.155420
vn 0.987793 0.010435 0.155420
vn 0.987793 0.010435 0.155420
vn 0.987793 0.010435 0.155420
vn 0.990682 0.061950 0.121291
vn 0.990682 0.061950 0.121291
vn 0.990682 0.061950 0.121291
vn 0.990682 0.061950 0.121291
vn 0.994153 0.087883 -0.062740
vn 0.994153 0.087883 -0.062740
vn 0.994153 0.087883 -0.062740
vn 0.994153 0.087883 -0.062740
vn 0.993782 0.029031 0.107493
vn 0.993782 0.029031 0.107493
vn 0.993782 0.029031 0.107493
vn 0.993782 0.029031 0.107493
vn 0.993403 -0.045730 -0.105163
vn 0.993403 -0.045730 -0.105163
vn 0.993403 -0.045730 -0.105163
vn 0.993403 -0.045730 -0.105163
vn 0.992114 -0.096978 -0.079400
vn 0.992115 -0.096978 -0.079400
vn 0.992115 -0.096978 -0.079400
vn 0.992115 -0.096978 -0.079400
vn 0.990099 -0.088747 0.108760
vn 0.990099 -0.088747 0.108761
vn 0.990099 -0.088747 0.108760
vn 0.990099 -0.088747 0.108760
vn 0.998523 -0.022619 -0.049405
vn 0.998523 -0.022619 -0.049405
vn 0.998523 -0.022619 -0.049405
vn 0.998523 -0.022619 -0.049405
vn 0.994515 0.041376 0.096060
vn 0.994515 0.041376 0.096060
vn 0.994515 0.041376 0.096060
vn 0.994515 0.041376 0.096060
vn 0.976517 0.024873 -0.213998
vn 0.976517 0.024873 -0.213998
vn 0.976517 0.024873 -0.213998
vn 0.976517 0.024873 -0.213998
vn 0.987777 0.009605 0.155575
vn 0.987777 0.009605 0.155575
vn 0.987777 0.009605 0.155575
vn 0.987777 0.009605 0.155575
vn 0.997600 0.015671 -0.067437
vn 0.997600 0.015671 -0.067437
vn 0.997600 0.015671 -0.067437
vn 0.997600 0.015671 -0.067437
vn 0.993044 0.027177 0.114560
vn 0.993044 0.027177 0.114560
vn 0.993044 0.027177 0.114560
vn 0.993044 0.027177 0.114560
vn 0.996718 0.015870 -0.079379
vn 0.996718 0.015870 -0.079379
vn 0.996718 0.015870 -0.079379
vn 0.996718 0.015870 -0.079379
vn 0.999786 -0.019973 -0.005292
vn 0.999787 -0.019973 -0.005292
vn 0.999786 -0.019973 -0.005292
vn 0.999786 -0.019973 -0.005292
vn 0.996905 0.075792 -0.020863
vn 0.996905 0.075792 -0.020863
vn 0.996905 0.075792 -0.020863
vn 0.996905 0.075792 -0.020863
vn 0.971226 0.164960 -0.171783
vn 0.971226 0.164960 -0.171783
vn 0.971226 0.164960 -0.171783
vn 0.971226 0.164960 -0.171783
vn 0.982931 0.129247 0.130925
vn 0.982931 0.129247 0.130925
vn 0.982931 0.129247 0.130925
vn 0.982931 0.129247 0.130925
vn 0.983998 0.142366 -0.107141
vn 0.983998 0.142366 -0.107141
vn 0.983998 0.142366 -0.107141
vn 0.983998 0.142366 -0.107141
vn 0.971591 0.131091 0.197044
vn 0.971591 0.131091 0.197044
vn 0.971591 0.131091 0.197044
vn 0.971591 0.131091 0.197044
vn 0.997372 0.054016 -0.048294
vn 0.997371 0.054016 -0.048294
vn 0.997372 0.054016 -0.048294
vn 0.997371 0.054016 -0.048294
vn 0.998368 0.027280 0.050178
vn 0.998368 0.027280 0.050178
vn 0.998368 0.027280 0.050178
vn 0.998368 0.027280 0.050178
vn 0.992041 0.121073 -0.034587
vn 0.992041 0.121073 -0.034587
vn 0.992041 0.121073 -0.034587
vn 0.992041 0.121073 -0.034587
vn 0.975228 0.216161 -0.046953
vn 0.975228 0.216161 -0.046953
vn 0.975228 0.216161 -0.046953
vn 0.975228 0.216161 -0.046953
vn 0.976247 0.204287 0.072178
vn 0.976246 0.204287 0.072178
vn 0.976246 0.204287 0.072178
vn 0.976246 0.204287 0.072178
vn 0.995254 0.085364 0.046725
vn 0.995254 0.085364 0.046725
vn 0.995254 0.085364 0.046725
vn 0.995254 0.085364 0.046725
vn 0.998873 -0.040009 0.025542
vn 0.998873 -0.040009 0.025542
vn 0.998873 -0.040009 0.025542
vn 0.998873 -0.040009 0.025542
vn 0.997620 0.051479 -0.045863
vn 0.997620 0.051479 -0.045863
vn 0.997620 0.051479 -0.045863
vn 0.997620 0.051479 -0.045863
vn 0.982746 0.184838 0.006725
vn 0.982746 0.184838 0.006725
vn 0.982746 0.184838 0.006725
vn 0.982746 0.184838 0.006725
vn 0.986794 0.140481 0.080639
vn 0.986794 0.140481 0.080639
vn 0.986794 0.140481 0.080639
vn 0.986794 0.140481 0.080639
vn 0.998882 0.042811 0.020077
vn 0.998882 0.042811 0.020077
vn 0.998882 0.042811 0.020077
vn 0.998882 0.042811 0.020077
vn 0.996740 -0.017541 -0.078749
vn 0.996740 -0.017541 -0.078749
vn 0.996740 -0.017541 -0.078749
vn 0.996740 -0.017541 -0.078749
vn 0.992905 -0.020177 -0.117189
vn 0.992905 -0.020177 -0.117189
vn 0.992905 -0.020177 -0.117189
vn 0.992905 -0.020177 -0.117189
vn 0.989238 -0.043175 0.139799
vn 0.989238 -0.043175 0.139799
vn 0.989238 -0.043175 0.139799
vn 0.989238 -0.043175 0.139799
vn 0.999858 0.016382 0.003899
vn 0.999858 0.016382 0.003899
vn 0.999858 0.016382 0.003899
vn 0.999858 0.016382 0.003899
vn 0.998504 0.051822 0.017459
vn 0.998504 0.051822 0.017459
vn 0.998504 0.051822 0.017459
vn 0.998504 0.051822 0.017459
vn 0.987432 -0.016627 -0.157166
vn 0.987432 -0.016627 -0.157166
vn 0.987432 -0.016627 -0.157166
vn 0.987432 -0.016627 -0.157166
vn 0.998976 0.021986 -0.039553
vn 0.998976 0.021986 -0.039553
vn 0.998976 0.021986 -0.039553
vn 0.998976 0.021986 -0.039553
vn 0.994257 0.042862 0.098060
vn 0.994257 0.042862 0.098060
vn 0.994257 0.042862 0.098060
vn 0.994257 0.042862 0.098060
vn 0.996714 0.063994 0.049657
vn 0.996714 0.063994 0.049657
vn 0.996714 0.063994 0.049657
vn 0.996714 0.063994 0.049657
vn 0.994269 0.076903 0.074263
vn 0.994269 0.076903 0.074263
vn 0.994269 0.076903 0.074263
vn 0.994269 0.076903 0.074263
vn 0.974748 0.072001 -0.211381
vn 0.974748 0.072001 -0.211381
vn 0.974748 0.072001 -0.211381
vn 0.974748 0.072001 -0.211381
vn 0.984927 0.085656 0.150271
vn 0.984927 0.085656 0.150271
vn 0.984927 0.085656 0.150271
vn 0.984927 0.085656 0.150271
vn 0.993554 0.107864 -0.034861
vn 0.993554 0.107864 -0.034861
vn 0.993554 0.107864 -0.034861
vn 0.993554 0.107864 -0.034861
vn 0.997366 0.057815 0.043796
vn 0.997366 0.057815 0.043796
vn 0.997366 0.057815 0.043796
vn 0.997366 0.057815 0.043796
vn 0.993598 -0.031409 -0.108515
vn 0.993599 -0.031409 -0.108515
vn 0.993598 -0.031409 -0.108515
vn 0.993598 -0.031409 -0.108515
vn 0.999665 -0.025330 -0.005343
vn 0.999665 -0.025330 -0.005343
vn 0.999665 -0.025330 -0.005343
vn 0.999665 -0.025330 -0.005343
vn 0.994838 0.001517 0.101464
vn 0.994838 0.001517 0.101464
vn 0.994838 0.001517 0.101464
vn 0.994838 0.001517 0.101464
vn 0.989349 0.110320 -0.094965
vn 0.989349 0.110320 -0.094965
vn 0.989349 0.110320 -0.094965
vn 0.989349 0.110320 -0.094965
vn 0.983830 0.165189 0.069217
vn 0.983830 0.165189 0.069217
vn 0.983830 0.165189 0.069217
vn 0.983830 0.165189 0.069217
vn 0.983386 0.180761 -0.016656
vn 0.983386 0.180761 -0.016656
vn 0.983386 0.180761 -0.016656
vn 0.983386 0.180761 -0.016656
vn 0.991153 0.125413 0.043432
vn 0.991154 0.125413 0.043432
vn 0.991153 0.125413 0.043432
vn 0.991153 0.125413 0.043432
vn 0.997394 0.031631 -0.064850
vn 0.997394 0.031631 -0.064850
vn 0.997394 0.031631 -0.064850
vn 0.997394 0.031631 -0.064850
vn 0.996610 0.053885 0.062167
vn 0.996610 0.053885 0.062167
vn 0.996610 0.053885 0.062167
vn 0.996610 0.053885 0.062167
vn 0.992891 0.087250 0.080962
vn 0.992891 0.087250 0.080962
vn 0.992891 0.087250 0.080962
vn 0.992891 0.087250 0.080962
vn 0.990838 0.133918 -0.017501
vn 0.990838 0.133918 -0.017501
vn 0.990838 0.133918 -0.017501
vn 0.990838 0.133918 -0.017501
vn 0.996634 0.077755 -0.025994
vn 0.996634 0.077755 -0.025994
vn 0.996634 0.077755 -0.025994
vn 0.996634 0.077755 -0.025994
vn 0.995506 -0.034062 -0.088358
vn 0.995506 -0.034062 -0.088358
vn 0.995506 -0.034062 -0.088358
vn 0.995506 -0.034062 -0.088358
vn 0.996777 -0.079583 -0.010142
vn 0.996777 -0.079583 -0.010142
vn 0.996777 -0.079583 -0.010142
vn 0.996777 -0.079583 -0.010142
vn 0.993222 -0.061633 0.098543
vn 0.993222 -0.061632 0.098543
vn 0.993222 -0.061633 0.098543
vn 0.993222 -0.061633 0.098543
vn 0.997492 -0.070069 -0.010034
vn 0.997492 -0.070069 -0.010034
vn 0.997492 -0.070069 -0.010034
vn 0.997492 -0.070069 -0.010034
vn 0.995051 -0.095660 0.026879
vn 0.995051 -0.095660 0.026879
vn 0.995051 -0.095660 0.026879
vn 0.995051 -0.095660 0.026879
vn 0.993298 -0.109105 -0.038146
vn 0.993298 -0.109105 -0.038146
vn 0.993298 -0.109105 -0.038146
vn 0.993298 -0.109105 -0.038146
vn 0.982921 -0.143545 -0.115158
vn 0.982921 -0.143545 -0.115158
vn 0.982921 -0.143545 -0.115158
vn 0.982921 -0.143545 -0.115158
vn 0.996624 -0.080301 -0.017076
vn 0.996624 -0.080301 -0.017076
vn 0.996624 -0.080301 -0.017076
vn 0.996624 -0.080301 -0.017076
vn 0.997503 -0.037709 0.059723
vn 0.997503 -0.037709 0.059723
vn 0.997503 -0.037709 0.059723
vn 0.997503 -0.037709 0.059723
vn 0.989428 -0.042620 0.138623
vn 0.989428 -0.042620 0.138623
vn 0.989428 -0.042620 0.138623
vn 0.989428 -0.042620 0.138623
vn 0.991294 -0.071062 -0.110842
vn 0.991294 -0.071062 -0.110842
vn 0.991294 -0.071062 -0.110842
vn 0.991294 -0.071062 -0.110842
vn 0.996196 -0.046736 -0.073552
vn 0.996196 -0.046736 -0.073552
vn 0.996196 -0.046736 -0.073552
vn 0.996196 -0.046736 -0.073552
vn 0.984903 0.140164 0.101591
vn 0.984903 0.140164 0.101591
vn 0.984903 0.140164 0.101591
vn 0.984903 0.140164 0.101591
vn 0.992297 0.112772 -0.051280
vn 0.992297 0.112772 -0.051280
vn 0.992297 0.112772 -0.051280
vn 0.992297 0.112772 -0.051280
vn 0.996449 -0.079531 0.027660
vn 0.996449 -0.079531 0.027660
vn 0.996449 -0.079531 0.027660
vn 0.996449 -0.079531 0.027660
vn 0.990678 -0.115136 0.072805
vn 0.990678 -0.115136 0.072805
vn 0.990678 -0.115136 0.072805
vn 0.990678 -0.115136 0.072805
vn 0.997163 0.037187 -0.065440
vn 0.997163 0.037187 -0.065440
vn 0.997163 0.037187 -0.065440
vn 0.997163 0.037187 -0.065440
vn 0.990559 0.107592 0.084955
vn 0.990559 0.107592 0.084955
vn 0.990559 0.107592 0.084955
vn 0.990559 0.107592 0.084955
vn 0.996914 -0.020614 -0.075745
vn 0.996914 -0.020614 -0.075745
vn 0.996914 -0.020614 -0.075745
vn 0.996914 -0.020614 -0.075745
vn 0.998989 -0.043494 0.011336
vn 0.998989 -0.043494 0.011336
vn 0.998989 -0.043494 0.011336
vn 0.998989 -0.043494 0.011336
vn 0.995183 0.028220 -0.093881
vn 0.995183 0.028220 -0.093881
vn 0.995183 0.028220 -0.093881
vn 0.995183 0.028220 -0.093881
vn 0.996646 0.074974 0.032809
vn 0.996646 0.074974 0.032809
vn 0.996646 0.074974 0.032809
vn 0.996646 0.074974 0.032809
vn 0.999228 0.019022 0.034374
vn 0.999228 0.019022 0.034374
vn 0.999228 0.019022 0.034374
vn 0.999228 0.019022 0.034374
vn 0.993015 -0.108492 -0.046378
vn 0.993015 -0.108492 -0.046378
vn 0.993015 -0.108492 -0.046378
vn 0.993015 -0.108492 -0.046378
vn 0.987738 -0.152902 0.031531
vn 0.987738 -0.152902 0.031531
vn 0.987738 -0.152902 0.031531
vn 0.987738 -0.152902 0.031531
vn 0.990853 -0.101360 0.089088
vn 0.990853 -0.101360 0.089088
vn 0.990853 -0.101360 0.089088
vn 0.990853 -0.101360 0.089088
vn 0.994041 -0.067605 -0.085513
vn 0.994041 -0.067605 -0.085513
vn 0.994041 -0.067605 -0.085513
vn 0.994041 -0.067606 -0.085513
vn 0.993660 -0.096113 -0.058336
vn 0.993660 -0.096113 -0.058336
vn 0.993660 -0.096113 -0.058336
vn 0.993659 -0.096113 -0.058336
vn 0.992308 -0.097404 0.076397
vn 0.992308 -0.097404 0.076397
vn 0.992308 -0.097404 0.076397
vn 0.992308 -0.097404 0.076397
vn 0.989344 -0.068077 0.128701
vn 0.989344 -0.068077 0.128701
vn 0.989344 -0.068077 0.128701
vn 0.989344 -0.068077 0.128701
vn 0.997017 -0.073450 -0.023713
vn 0.997017 -0.073450 -0.023713
vn 0.997017 -0.073450 -0.023713
vn 0.997017 -0.073450 -0.023713
vn 0.996168 -0.060111 -0.063527
vn 0.996168 -0.060111 -0.063527
vn 0.996168 -0.060111 -0.063527
vn 0.996168 -0.060111 -0.063527
vn 0.990460 -0.032046 -0.134022
vn 0.990460 -0.032046 -0.134022
vn 0.990460 -0.032046 -0.134022
vn 0.990460 -0.032046 -0.134022
vn 0.997757 -0.057438 -0.034379
vn 0.997757 -0.057438 -0.034379
vn 0.997757 -0.057438 -0.034379
vn 0.997757 -0.057438 -0.034379
vn 0.988880 -0.061014 0.135626
vn 0.988880 -0.061014 0.135626
vn 0.988880 -0.061014 0.135626
vn 0.988880 -0.061014 0.135626
vn 0.996257 -0.063812 -0.058320
vn 0.996256 -0.063812 -0.058320
vn 0.996257 -0.063812 -0.058320
vn 0.996257 -0.063812 -0.058320
vn 0.996665 -0.067687 0.045587
vn 0.996665 -0.067687 0.045587
vn 0.996665 -0.067687 0.045587
vn 0.996665 -0.067687 0.045587
vn 0.997626 -0.047219 -0.050135
vn 0.997626 -0.047219 -0.050135
vn 0.997626 -0.047219 -0.050135
vn 0.997626 -0.047219 -0.050135
vn 0.994503 -0.010520 -0.104176
vn 0.994503 -0.010520 -0.104176
vn 0.994503 -0.010520 -0.104176
vn 0.994503 -0.010520 -0.104176
vn 0.998457 0.008455 0.054885
vn 0.998457 0.008455 0.054885
vn 0.998457 0.008455 0.054885
vn 0.998457 0.008455 0.054885
vn 0.998936 0.019676 0.041722
vn 0.998936 0.019676 0.041722
vn 0.998936 0.019676 0.041722
vn 0.998936 0.019676 0.041722
vn 0.983366 0.044958 0.175982
vn 0.983366 0.044958 0.175982
vn 0.983366 0.044958 0.175982
vn 0.983366 0.044958 0.175982
vn 0.987104 0.089123 -0.132975
vn 0.987104 0.089123 -0.132975
vn 0.987104 0.089123 -0.132975
vn 0.987104 0.089123 -0.132975
vn 0.995616 0.089815 -0.026126
vn 0.995616 0.089815 -0.026126
vn 0.995616 0.089815 -0.026126
vn 0.995616 0.089815 -0.026126
vn 0.993525 -0.053161 0.100412
vn 0.993525 -0.053161 0.100412
vn 0.993525 -0.053161 0.100412
vn 0.993525 -0.053161 0.100412
vn 0.999002 -0.016694 -0.041423
vn 0.999002 -0.016694 -0.041423
vn 0.999002 -0.016694 -0.041423
vn 0.999002 -0.016694 -0.041423
vn 0.989500 0.143885 -0.013649
vn 0.989500 0.143885 -0.013649
vn 0.989500 0.143885 -0.013649
vn 0.989500 0.143885 -0.013649
vn 0.985695 0.147451 0.081632
vn 0.985695 0.147451 0.081632
vn 0.985695 0.147451 0.081632
vn 0.985695 0.147451 0.081632
vn 0.996756 0.079964 0.009158
vn 0.996756 0.079964 0.009158
vn 0.996756 0.079964 0.009158
vn 0.996756 0.079964 0.009158
vn 0.999989 0.002110 0.004161
vn 0.999989 0.002110 0.004161
vn 0.999989 0.002110 0.004161
vn 0.999989 0.002110 0.004161
vn 0.994188 0.019098 -0.105954
vn 0.994188 0.019098 -0.105954
vn 0.994188 0.019098 -0.105954
vn 0.994188 0.019098 -0.105954
vn 0.996684 0.057596 0.057470
vn 0.996684 0.057596 0.057470
vn 0.996684 0.057596 0.057470
vn 0.996684 0.057596 0.057470
vn 0.986514 -0.035045 -0.159879
vn 0.986514 -0.035045 -0.159879
vn 0.986514 -0.035045 -0.159879
vn 0.986514 -0.035045 -0.159879
vn 0.991695 -0.096505 0.085017
vn 0.991695 -0.096505 0.085017
vn 0.991695 -0.096505 0.085017
vn 0.991695 -0.096505 0.085017
vn 0.999692 0.002045 0.024752
vn 0.999692 0.002045 0.024752
vn 0.999692 0.002045 0.024752
vn 0.999692 0.002045 0.024752
vn 0.991019 0.128340 -0.037558
vn 0.991019 0.128340 -0.037558
vn 0.991019 0.128340 -0.037558
vn 0.991019 0.128340 -0.037558
vn 0.990889 0.133615 -0.016934
vn 0.990889 0.133615 -0.016934
vn 0.990889 0.133615 -0.016934
vn 0.990889 0.133615 -0.016934
vn 0.997888 0.008002 0.064466
vn 0.997888 0.008002 0.064466
vn 0.997888 0.008002 0.064466
vn 0.997888 0.008002 0.064466
vn 0.998111 -0.022700 -0.057088
vn 0.998111 -0.022700 -0.057088
vn 0.998111 -0.022700 -0.057088
vn 0.998111 -0.022700 -0.057088
vn 0.997197 0.071632 -0.021617
vn 0.997197 0.071632 -0.021617
vn 0.997197 0.071632 -0.021617
vn 0.997197 0.071632 -0.021617
vn 0.990831 0.110603 0.077600
vn 0.990831 0.110603 0.077600
vn 0.990831 0.110603 0.077600
vn 0.990831 0.110603 0.077600
vn 0.996006 0.035591 0.081887
vn 0.996006 0.035591 0.081887
vn 0.996006 0.035591 0.081887
vn 0.996006 0.035591 0.081887
vn 0.998514 -0.029407 -0.045889
vn 0.998514 -0.029407 -0.045889
vn 0.998514 -0.029407 -0.045889
vn 0.998514 -0.029407 -0.045889
vn 0.999256 -0.027864 -0.026686
vn 0.999256 -0.027864 -0.026686
vn 0.999255 -0.027864 -0.026686
vn 0.999256 -0.027864 -0.026686
vn 0.996487 0.046338 -0.069758
vn 0.996487 0.046338 -0.069758
vn 0.996487 0.046338 -0.069758
vn 0.996487 0.046338 -0.069758
vn 0.990863 0.128288 -0.041622
vn 0.990863 0.128288 -0.041622
vn 0.990863 0.128288 -0.041622
vn 0.990863 0.128288 -0.041622
vn 0.990903 0.089506 0.100502
vn 0.990903 0.089506 0.100502
vn 0.990903 0.089506 0.100502
vn 0.990903 0.089506 0.100502
vn 0.995919 0.029841 -0.085179
vn 0.995919 0.029841 -0.085179
vn 0.995919 0.029841 -0.085179
vn 0.995919 0.029841 -0.085179
vn 0.998324 0.016608 0.055448
vn 0.998323 0.016608 0.055448
vn 0.998324 0.016608 0.055448
vn 0.998323 0.016608 0.055448
vn 0.999209 0.025777 -0.030288
vn 0.999209 0.025777 -0.030288
vn 0.999209 0.025777 -0.030288
vn 0.999209 0.025777 -0.030288
vn 0.994846 0.100620 -0.012532
vn 0.994846 0.100620 -0.012532
vn 0.994846 0.100620 -0.012532
vn 0.994846 0.100620 -0.012532
vn 0.995928 0.082553 -0.036238
vn 0.995928 0.082553 -0.036238
vn 0.995928 0.082553 -0.036238
vn 0.995928 0.082553 -0.036238
vn 0.981229 0.102832 0.163141
vn 0.981229 0.102832 0.163141
vn 0.981229 0.102832 0.163141
vn 0.981229 0.102832 0.163141
vn 0.984916 0.133739 0.109790
vn 0.984916 0.133739 0.109790
vn 0.984916 0.133739 0.109790
vn 0.984916 0.133739 0.109790
vn 0.979172 -0.043233 -0.198376
vn 0.979172 -0.043233 -0.198376
vn 0.979172 -0.043233 -0.198376
vn 0.979172 -0.043233 -0.198376
vn 0.996973 -0.008131 0.077328
vn 0.996973 -0.008131 0.077328
vn 0.996973 -0.008131 0.077328
vn 0.996973 -0.008131 0.077328
vn 0.995108 0.080874 -0.056750
vn 0.995107 0.080874 -0.056750
vn 0.995107 0.080874 -0.056750
vn 0.995107 0.080874 -0.056750
vn 0.997240 0.002252 0.074209
vn 0.997240 0.002252 0.074209
vn 0.997240 0.002252 0.074209
vn 0.997240 0.002252 0.074209
vn 0.996892 -0.068685 -0.038586
vn 0.996892 -0.068685 -0.038586
vn 0.996892 -0.068685 -0.038586
vn 0.996892 -0.068685 -0.038586
vn 0.989018 -0.143516 0.035309
vn 0.989018 -0.143516 0.035309
vn 0.989018 -0.143516 0.035309
vn 0.989018 -0.143516 0.035309
vn 0.976696 -0.201869 -0.072901
vn 0.976696 -0.201869 -0.072901
vn 0.976696 -0.201869 -0.072901
vn 0.976696 -0.201869 -0.072901
vn 0.971427 -0.235955 -0.025580
vn 0.971427 -0.235955 -0.025580
vn 0.971427 -0.235955 -0.025580
vn 0.971427 -0.235955 -0.025580
vn 0.982455 -0.186411 -0.005726
vn 0.982455 -0.186411 -0.005726
vn 0.982455 -0.186411 -0.005726
vn 0.982455 -0.186411 -0.005726
vn 0.990968 -0.067953 0.115608
vn 0.990968 -0.067953 0.115608
vn 0.990968 -0.067953 0.115608
vn 0.990968 -0.067953 0.115608
vn 0.971253 0.000689 -0.238049
vn 0.971253 0.000689 -0.238049
vn 0.971253 0.000689 -0.238049
vn 0.971253 0.000689 -0.238049
vn 0.995578 -0.012720 0.093070
vn 0.995578 -0.012720 0.093070
vn 0.995578 -0.012720 0.093070
vn 0.995578 -0.012720 0.093070
vn 0.995837 -0.059816 0.068786
vn 0.995837 -0.059816 0.068786
vn 0.995837 -0.059816 0.068786
vn 0.995837 -0.059816 0.068786
vn 0.996729 -0.029868 0.075100
vn 0.996729 -0.029868 0.075100
vn 0.996729 -0.029868 0.075100
vn 0.996729 -0.029868 0.075100
vn 0.996634 0.013914 -0.080795
vn 0.996634 0.013914 -0.080795
vn 0.996634 0.013914 -0.080795
vn 0.996634 0.013914 -0.080795
vn 0.998472 -0.032499 -0.044685
vn 0.998472 -0.032499 -0.044685
vn 0.998472 -0.032499 -0.044685
vn 0.998472 -0.032499 -0.044685
vn 0.998996 -0.043601 0.010291
vn 0.998996 -0.043601 0.010291
vn 0.998996 -0.043601 0.010291
vn 0.998996 -0.043601 0.010291
vn 0.998919 -0.002579 0.046415
vn 0.998919 -0.002579 0.046415
vn 0.998919 -0.002579 0.046415
vn 0.998919 -0.002579 0.046415
vn 0.999175 -0.037895 0.014610
vn 0.999175 -0.037895 0.014610
vn 0.999175 -0.037895 0.014610
vn 0.999175 -0.037895 0.014610
vn 0.985599 -0.160282 -0.053891
vn 0.985599 -0.160282 -0.053891
vn 0.985599 -0.160282 -0.053891
vn 0.985599 -0.160282 -0.053891
vn 0.970531 -0.235213 -0.052388
vn 0.970531 -0.235213 -0.052388
vn 0.970531 -0.235213 -0.052388
vn 0.970531 -0.235213 -0.052388
vn 0.969411 -0.244089 -0.025742
vn 0.969411 -0.244089 -0.025742
vn 0.969411 -0.244089 -0.025742
vn 0.969411 -0.244089 -0.025742
vn 0.983248 -0.153606 0.098127
vn 0.983248 -0.153606 0.098127
vn 0.983248 -0.153606 0.098127
vn 0.983248 -0.153606 0.098127
vn 0.995671 -0.077927 -0.050662
vn 0.995671 -0.077927 -0.050662
vn 0.995671 -0.077927 -0.050662
vn 0.995671 -0.077927 -0.050662
vn 0.992189 -0.121936 0.026318
vn 0.992189 -0.121936 0.026318
vn 0.992189 -0.121936 0.026318
vn 0.992189 -0.121936 0.026318
vn 0.999295 -0.020248 0.031618
vn 0.999295 -0.020248 0.031618
vn 0.999295 -0.020248 0.031618
vn 0.999295 -0.020248 0.031618
vn 0.995929 0.084863 0.030392
vn 0.995929 0.084863 0.030392
vn 0.995929 0.084863 0.030392
vn 0.995929 0.084863 0.030392
vn 0.992465 0.117029 0.036306
vn 0.992465 0.117029 0.036306
vn 0.992465 0.117029 0.036306
vn 0.992465 0.117029 0.036306
vn 0.994234 0.106154 -0.015208
vn 0.994233 0.106154 -0.015208
vn 0.994233 0.106154 -0.015208
vn 0.994233 0.106154 -0.015208
vn 0.990290 0.019524 -0.137640
vn 0.990290 0.019524 -0.137640
vn 0.990290 0.019524 -0.137640
vn 0.990290 0.019524 -0.137640
vn 0.977918 -0.067174 0.197902
vn 0.977918 -0.067174 0.197902
vn 0.977917 -0.067174 0.197902
vn 0.977917 -0.067174 0.197902
vn 0.978029 -0.205609 -0.034414
vn 0.978029 -0.205609 -0.034414
vn 0.978029 -0.205609 -0.034414
vn 0.978029 -0.205609 -0.034414
vn 0.984234 -0.111807 -0.137053
vn 0.984234 -0.111807 -0.137053
vn 0.984234 -0.111807 -0.137053
vn 0.984234 -0.111807 -0.137053
vn 0.987590 -0.004798 0.156981
vn 0.987590 -0.004798 0.156981
vn 0.987590 -0.004798 0.156981
vn 0.987590 -0.004798 0.156981
vn 0.999277 0.006674 -0.037427
vn 0.999277 0.006674 -0.037427
vn 0.999277 0.006674 -0.037427
vn 0.999277 0.006674 -0.037427
vn 0.994750 0.086060 0.055369
vn 0.994750 0.086060 0.055369
vn 0.994750 0.086060 0.055369
vn 0.994750 0.086060 0.055369
vn 0.991038 0.053746 -0.122287
vn 0.991039 0.053746 -0.122287
vn 0.991039 0.053746 -0.122287
vn 0.991038 0.053746 -0.122287
vn 0.996158 0.066729 0.056713
vn 0.996158 0.066729 0.056713
vn 0.996158 0.066729 0.056713
vn 0.996158 0.066729 0.056713
vn 0.987309 0.129105 -0.092479
vn 0.987309 0.129105 -0.092479
vn 0.987309 0.129105 -0.092479
vn 0.987309 0.129105 -0.092479
vn 0.990263 0.133658 -0.038925
vn 0.990263 0.133658 -0.038925
vn 0.990263 0.133658 -0.038925
vn 0.990263 0.133658 -0.038925
vn 0.993259 0.110178 0.036010
vn 0.993259 0.110178 0.036010
vn 0.993259 0.110178 0.036010
vn 0.993259 0.110178 0.036010
vn 0.985922 0.068777 0.152405
vn 0.985922 0.068777 0.152405
vn 0.985922 0.068777 0.152405
vn 0.985922 0.068777 0.152405
vn 0.976883 0.077837 -0.199102
vn 0.976883 0.077837 -0.199102
vn 0.976883 0.077837 -0.199102
vn 0.976883 0.077837 -0.199102
vn 0.993607 0.097540 0.056840
vn 0.993607 0.097540 0.056840
vn 0.993607 0.097540 0.056840
vn 0.993607 0.097540 0.056840
vn 0.999352 0.035745 -0.004334
vn 0.999352 0.035745 -0.004334
vn 0.999352 0.035745 -0.004334
vn 0.999352 0.035745 -0.004334
vn 0.988560 0.009099 0.150551
vn 0.988560 0.009099 0.150551
vn 0.988560 0.009099 0.150551
vn 0.988560 0.009099 0.150551
vn 0.993538 0.009386 -0.113110
vn 0.993538 0.009386 -0.113110
vn 0.993538 0.009386 -0.113110
vn 0.993538 0.009386 -0.113110
vn 0.997676 -0.000360 -0.068134
vn 0.997676 -0.000360 -0.068134
vn 0.997676 -0.000360 -0.068134
vn 0.997676 -0.000360 -0.068134
vn 0.999429 0.009362 0.032454
vn 0.999429 0.009362 0.032454
vn 0.999429 0.009362 0.032454
vn 0.999429 0.009362 0.032454
vn 0.994855 0.038152 0.093854
vn 0.994855 0.038152 0.093854
vn 0.994855 0.038152 0.093854
vn 0.994855 0.038152 0.093854
vn 0.996942 0.067850 -0.038770
vn 0.996942 0.067850 -0.038770
vn 0.996942 0.067850 -0.038770
vn 0.996942 0.067850 -0.038770
vn 0.990483 0.080288 -0.111789
vn 0.990483 0.080288 -0.111789
vn 0.990483 0.080288 -0.111789
vn 0.990483 0.080288 -0.111789
vn 0.993791 0.089452 -0.066160
vn 0.993791 0.089452 -0.066160
vn 0.993791 0.089452 -0.066160
vn 0.993791 0.089452 -0.066160
vn 0.994509 0.104304 -0.008481
vn 0.994509 0.104304 -0.008481
vn 0.994509 0.104304 -0.008481
vn 0.994509 0.104304 -0.008481
vn 0.984148 0.084575 0.155887
vn 0.984148 0.084575 0.155887
vn 0.984148 0.084575 0.155887
vn 0.984148 0.084575 0.155887
vn 0.989973 -0.023076 -0.139359
vn 0.989973 -0.023076 -0.139359
vn 0.989973 -0.023076 -0.139359
vn 0.989973 -0.023076 -0.139359
vn 0.995114 -0.098649 -0.004020
vn 0.995114 -0.098649 -0.004020
vn 0.995114 -0.098649 -0.004020
vn 0.995114 -0.098649 -0.004020
vn 0.982231 -0.101274 0.158009
vn 0.982231 -0.101274 0.158009
vn 0.982231 -0.101274 0.158009
vn 0.982231 -0.101274 0.158009
vn 0.990089 -0.137480 -0.028702
vn 0.990089 -0.137480 -0.028702
vn 0.990089 -0.137480 -0.028702
vn 0.990089 -0.137480 -0.028702
vn 0.982476 -0.122330 0.140629
vn 0.982476 -0.122330 0.140629
vn 0.982476 -0.122330 0.140629
vn 0.982476 -0.122330 0.140629
vn 0.992532 -0.081940 -0.090367
vn 0.992532 -0.081940 -0.090367
vn 0.992532 -0.081940 -0.090367
vn 0.992532 -0.081940 -0.090367
vn 0.992638 -0.045149 -0.112388
vn 0.992638 -0.045149 -0.112388
vn 0.992638 -0.045149 -0.112388
vn 0.992638 -0.045149 -0.112388
vn 0.987369 0.024532 0.156524
vn 0.987369 0.024532 0.156524
vn 0.987369 0.024532 0.156524
vn 0.987370 0.024532 0.156524
vn 0.993358 0.056375 -0.100305
vn 0.993358 0.056375 -0.100305
vn 0.993358 0.056375 -0.100305
vn 0.993358 0.056375 -0.100305
vn 0.998486 0.051858 0.018326
vn 0.998486 0.051857 0.018326
vn 0.998486 0.051857 0.018326
vn 0.998486 0.051857 0.018326
vn 0.996194 0.025441 0.083374
vn 0.996194 0.025441 0.083374
vn 0.996194 0.025441 0.083374
vn 0.996194 0.025441 0.083374
vn 0.999652 -0.026257 -0.002460
vn 0.999652 -0.026257 -0.002460
vn 0.999652 -0.026257 -0.002460
vn 0.999652 -0.026257 -0.002460
vn 0.995252 -0.035557 0.090611
vn 0.995251 -0.035557 0.090611
vn 0.995251 -0.035557 0.090611
vn 0.995252 -0.035557 0.090611
vn 0.993984 0.071000 -0.083396
vn 0.993984 0.071000 -0.083396
vn 0.993984 0.071000 -0.083396
vn 0.993984 0.071000 -0.083396
vn 0.994823 0.089380 0.048357
vn 0.994823 0.089380 0.048357
vn 0.994823 0.089380 0.048357
vn 0.994823 0.089380 0.048357
vn 0.993199 -0.005636 -0.116289
vn 0.993199 -0.005636 -0.116289
vn 0.993199 -0.005636 -0.116289
vn 0.993200 -0.005636 -0.116289
vn 0.992170 -0.085281 -0.091243
vn 0.992170 -0.085281 -0.091243
vn 0.992170 -0.085281 -0.091243
vn 0.992170 -0.085281 -0.091243
vn 0.988654 -0.150208 -0.001102
vn 0.988654 -0.150208 -0.001102
vn 0.988654 -0.150208 -0.001102
vn 0.988654 -0.150208 -0.001102
vn 0.977645 -0.133539 0.162411
vn 0.977645 -0.133539 0.162411
vn 0.977645 -0.133539 0.162411
vn 0.977645 -0.133539 0.162411
vn 0.996994 -0.008385 -0.077023
vn 0.996994 -0.008385 -0.077023
vn 0.996994 -0.008385 -0.077023
vn 0.996994 -0.008385 -0.077023
vn 0.995571 0.084164 0.041897
vn 0.995571 0.084164 0.041897
vn 0.995571 0.084164 0.041897
vn 0.995571 0.084164 0.041897
vn 0.995352 0.074524 -0.060995
vn 0.995352 0.074524 -0.060995
vn 0.995352 0.074524 -0.060995
vn 0.995352 0.074524 -0.060995
vn 0.990535 0.027666 0.134447
vn 0.990535 0.027666 0.134447
vn 0.990535 0.027666 0.134447
vn 0.990535 0.027666 0.134447
vn 0.986483 -0.036474 -0.159756
vn 0.986483 -0.036474 -0.159756
vn 0.986483 -0.036474 -0.159756
vn 0.986483 -0.036474 -0.159756
vn 0.996011 -0.066474 -0.059528
vn 0.996011 -0.066474 -0.059528
vn 0.996011 -0.066474 -0.059528
vn 0.996011 -0.066474 -0.059528
vn 0.997266 -0.065012 0.035129
vn 0.997266 -0.065012 0.035129
vn 0.997266 -0.065012 0.035129
vn 0.997266 -0.065012 0.035129
vn 0.988895 -0.040785 0.142911
vn 0.988895 -0.040785 0.142911
vn 0.988895 -0.040785 0.142911
vn 0.988895 -0.040785 0.142911
vn 0.999911 0.011644 -0.006468
vn 0.999911 0.011644 -0.006468
vn 0.999911 0.011644 -0.006468
vn 0.999911 0.011644 -0.006468
vn 0.993671 0.036927 -0.106089
vn 0.993671 0.036927 -0.106089
vn 0.993671 0.036927 -0.106089
vn 0.993671 0.036927 -0.106089
vn 0.997255 0.035768 -0.064837
vn 0.997255 0.035768 -0.064837
vn 0.997255 0.035768 -0.064837
vn 0.997255 0.035768 -0.064837
vn 0.998891 0.044985 0.013937
vn 0.998890 0.044985 0.013937
vn 0.998891 0.044985 0.013937
vn 0.998890 0.044985 0.013937
vn 0.994179 0.031512 0.103034
vn 0.994179 0.031512 0.103034
vn 0.994179 0.031512 0.103034
vn 0.994179 0.031512 0.103034
vn 0.975179 -0.000099 -0.221419
vn 0.975179 -0.000099 -0.221419
vn 0.975179 -0.000099 -0.221419
vn 0.975179 -0.000099 -0.221419
vn 0.999771 0.011512 0.018033
vn 0.999771 0.011512 0.018033
vn 0.999771 0.011512 0.018033
vn 0.999771 0.011512 0.018033
vn 0.983097 0.053786 0.175006
vn 0.983097 0.053786 0.175006
vn 0.983097 0.053786 0.175006
vn 0.983097 0.053786 0.175006
vn 0.995338 0.062544 -0.073417
vn 0.995338 0.062544 -0.073417
vn 0.995338 0.062544 -0.073417
vn 0.995338 0.062544 -0.073417
vn 0.984522 0.034560 0.171817
vn 0.984522 0.034560 0.171817
vn 0.984523 0.034560 0.171817
vn 0.984522 0.034560 0.171817
vn 0.992759 -0.005266 -0.120006
vn 0.992759 -0.005266 -0.120006
vn 0.992759 -0.005266 -0.120006
vn 0.992759 -0.005266 -0.120006
vn 0.998436 -0.013343 -0.054290
vn 0.998436 -0.013343 -0.054290
vn 0.998436 -0.013343 -0.054290
vn 0.998436 -0.013343 -0.054290
vn 0.987356 -0.024427 0.156627
vn 0.987356 -0.024427 0.156627
vn 0.987356 -0.024427 0.156627
vn 0.987356 -0.024427 0.156627
vn 0.994963 -0.045240 -0.089451
vn 0.994963 -0.045240 -0.089451
vn 0.994963 -0.045240 -0.089451
vn 0.994963 -0.045240 -0.089451
vn 0.998776 -0.049444 -0.001564
vn 0.998776 -0.049444 -0.001564
vn 0.998776 -0.049444 -0.001564
vn 0.998776 -0.049444 -0.001564
vn 0.995923 -0.053787 0.072416
vn 0.995923 -0.053787 0.072416
vn 0.995923 -0.053787 0.072416
vn 0.995923 -0.053787 0.072416
vn 0.999126 -0.034431 -0.023718
vn 0.999126 -0.034431 -0.023718
vn 0.999126 -0.034431 -0.023718
vn 0.999126 -0.034431 -0.023718
vn 0.993876 -0.030186 0.106295
vn 0.993876 -0.030186 0.106295
vn 0.993876 -0.030186 0.106295
vn 0.993876 -0.030186 0.106295
vn 0.998133 -0.057695 -0.020046
vn 0.998133 -0.057695 -0.020046
vn 0.998133 -0.057695 -0.020046
vn 0.998133 -0.057695 -0.020046
vn 0.999069 -0.031713 0.029239
vn 0.999069 -0.031713 0.029239
vn 0.999069 -0.031713 0.029239
vn 0.999069 -0.031713 0.029239
vn 0.993515 0.075111 -0.085361
vn 0.993515 0.075111 -0.085361
vn 0.993515 0.075111 -0.085361
vn 0.993515 0.075111 -0.085361
vn 0.976812 0.202225 -0.070316
vn 0.976812 0.202225 -0.070316
vn 0.976812 0.202225 -0.070316
vn 0.976812 0.202225 -0.070316
vn 0.965644 0.258630 -0.025360
vn 0.965644 0.258630 -0.025360
vn 0.965644 0.258630 -0.025360
vn 0.965644 0.258630 -0.025360
vn 0.979415 0.169532 0.109572
vn 0.979414 0.169532 0.109572
vn 0.979415 0.169532 0.109572
vn 0.979414 0.169532 0.109572
vn 0.997983 0.063323 -0.004464
vn 0.997983 0.063323 -0.004464
vn 0.997983 0.063323 -0.004464
vn 0.997983 0.063323 -0.004464
vn 0.999987 -0.003022 -0.004223
vn 0.999987 -0.003022 -0.004223
vn 0.999987 -0.003022 -0.004223
vn 0.999987 -0.003022 -0.004223
vn 0.999226 -0.014827 -0.036427
vn 0.999226 -0.014827 -0.036427
vn 0.999226 -0.014827 -0.036427
vn 0.999226 -0.014827 -0.036427
vn 0.998046 -0.019184 0.059466
vn 0.998046 -0.019184 0.059466
vn 0.998046 -0.019184 0.059466
vn 0.998046 -0.019184 0.059466
vn 0.995705 0.064163 -0.066750
vn 0.995705 0.064163 -0.066750
vn 0.995705 0.064163 -0.066750
vn 0.995705 0.064163 -0.066750
vn 0.984215 0.148163 -0.096788
vn 0.984215 0.148163 -0.096788
vn 0.984215 0.148163 -0.096788
vn 0.984215 0.148163 -0.096788
vn 0.998533 0.045042 -0.030038
vn 0.998533 0.045042 -0.030038
vn 0.998533 0.045042 -0.030038
vn 0.998533 0.045042 -0.030038
vn 0.991122 -0.103374 0.083612
vn 0.991122 -0.103374 0.083612
vn 0.991122 -0.103374 0.083612
vn 0.991122 -0.103374 0.083612
vn 0.986719 -0.152710 0.055362
vn 0.986719 -0.152710 0.055362
vn 0.986719 -0.152710 0.055362
vn 0.986719 -0.152710 0.055362
vn 0.993453 -0.086031 -0.075160
vn 0.993453 -0.086031 -0.075160
vn 0.993453 -0.086031 -0.075160
vn 0.993453 -0.086031 -0.075160
vn 0.996106 -0.056715 -0.067495
vn 0.996106 -0.056715 -0.067495
vn 0.996106 -0.056715 -0.067495
vn 0.996106 -0.056715 -0.067495
vn 0.997327 -0.072353 0.010225
vn 0.997327 -0.072353 0.010225
vn 0.997327 -0.072353 0.010225
vn 0.997327 -0.072353 0.010225
vn 0.992230 -0.052416 0.112837
vn 0.992230 -0.052416 0.112837
vn 0.992230 -0.052416 0.112837
vn 0.992230 -0.052416 0.112837
vn 0.987290 0.071352 -0.142011
vn 0.987290 0.071352 -0.142011
vn 0.987290 0.071352 -0.142011
vn 0.987290 0.071352 -0.142011
vn 0.987006 0.157250 0.033053
vn 0.987006 0.157250 0.033053
vn 0.987006 0.157250 0.033053
vn 0.987006 0.157250 0.033053
vn 0.993274 0.055495 0.101622
vn 0.993274 0.055495 0.101622
vn 0.993274 0.055495 0.101622
vn 0.993274 0.055495 0.101622
vn 0.996350 -0.033069 -0.078702
vn 0.996350 -0.033069 -0.078702
vn 0.996350 -0.033069 -0.078702
vn 0.996350 -0.033069 -0.078702
vn 0.988791 -0.039011 0.144121
vn 0.988791 -0.039011 0.144121
vn 0.988791 -0.039011 0.144121
vn 0.988791 -0.039011 0.144121
vn 0.997413 0.025690 -0.067137
vn 0.997413 0.025690 -0.067137
vn 0.997413 0.025690 -0.067137
vn 0.997413 0.025690 -0.067137
vn 0.994600 0.050103 -0.090893
vn 0.994600 0.050103 -0.090893
vn 0.994600 0.050103 -0.090893
vn 0.994600 0.050103 -0.090893
vn 0.995161 -0.046915 0.086330
vn 0.995161 -0.046915 0.086330
vn 0.995161 -0.046915 0.086330
vn 0.995161 -0.046915 0.086330
vn 0.992909 -0.088119 -0.079786
vn 0.992910 -0.088119 -0.079786
vn 0.992910 -0.088119 -0.079786
vn 0.992909 -0.088119 -0.079786
vn 0.997716 -0.067261 0.006168
vn 0.997716 -0.067261 0.006168
vn 0.997716 -0.067261 0.006168
vn 0.997716 -0.067261 0.006168
vn 0.994820 -0.030128 0.097086
vn 0.994820 -0.030128 0.097086
vn 0.994820 -0.030128 0.097086
vn 0.994820 -0.030128 0.097086
vn 0.999311 0.025634 0.026845
vn 0.999311 0.025634 0.026845
vn 0.999311 0.025634 0.026845
vn 0.999311 0.025634 0.026845
vn 0.995883 0.044396 0.079038
vn 0.995883 0.044396 0.079038
vn 0.995883 0.044396 0.079038
vn 0.995883 0.044396 0.079038
vn 0.993047 -0.044802 -0.108862
vn 0.993047 -0.044802 -0.108862
vn 0.993047 -0.044802 -0.108862
vn 0.993047 -0.044802 -0.108862
vn 0.990724 -0.113502 0.074720
vn 0.990724 -0.113502 0.074720
vn 0.990724 -0.113502 0.074720
vn 0.990724 -0.113502 0.074720
vn 0.991256 -0.126521 -0.037472
vn 0.991256 -0.126521 -0.037472
vn 0.991256 -0.126521 -0.037472
vn 0.991256 -0.126521 -0.037472
vn 0.990357 -0.138538 -0.000917
vn 0.990357 -0.138538 -0.000917
vn 0.990357 -0.138538 -0.000917
vn 0.990357 -0.138538 -0.000917
vn 0.994958 -0.100256 0.002595
vn 0.994958 -0.100256 0.002595
vn 0.994958 -0.100256 0.002595
vn 0.994958 -0.100256 0.002595
vn 0.995414 0.006789 0.095416
vn 0.995414 0.006789 0.095416
vn 0.995414 0.006789 0.095416
vn 0.995414 0.006789 0.095416
vn 0.995298 0.007891 -0.096534
vn 0.995298 0.007891 -0.096534
vn 0.995298 0.007891 -0.096534
vn 0.995298 0.007891 -0.096534
vn 0.993899 -0.084587 -0.070780
vn 0.993899 -0.084587 -0.070780
vn 0.993899 -0.084587 -0.070780
vn 0.993899 -0.084587 -0.070780
vn 0.991939 -0.124822 -0.021834
vn 0.991939 -0.124822 -0.021834
vn 0.991939 -0.124822 -0.021834
vn 0.991939 -0.124822 -0.021834
vn 0.989629 -0.141780 0.023084
vn 0.989629 -0.141780 0.023084
vn 0.989629 -0.141780 0.023084
vn 0.989629 -0.141780 0.023084
vn 0.988995 -0.057792 0.136195
vn 0.988995 -0.057792 0.136195
vn 0.988995 -0.057792 0.136195
vn 0.988995 -0.057792 0.136195
vn 0.988484 0.005506 -0.151224
vn 0.988484 0.005506 -0.151224
vn 0.988484 0.005506 -0.151224
vn 0.988484 0.005506 -0.151224
vn 0.993832 -0.022656 -0.108561
vn 0.993832 -0.022656 -0.108561
vn 0.993832 -0.022656 -0.108561
vn 0.993832 -0.022656 -0.108561
vn 0.999113 -0.041821 -0.004951
vn 0.999113 -0.041821 -0.004951
vn 0.999113 -0.041821 -0.004951
vn 0.999113 -0.041821 -0.004951
vn 0.995278 -0.059407 0.076763
vn 0.995278 -0.059407 0.076763
vn 0.995278 -0.059407 0.076763
vn 0.995278 -0.059407 0.076763
vn 0.997674 0.030068 0.061179
vn 0.997674 0.030068 0.061179
vn 0.997674 0.030068 0.061179
vn 0.997674 0.030068 0.061179
vn 0.988568 0.134262 -0.068604
vn 0.988568 0.134262 -0.068604
vn 0.988568 0.134262 -0.068604
vn 0.988568 0.134262 -0.068604
vn 0.994042 0.035732 -0.102972
vn 0.994042 0.035732 -0.102972
vn 0.994042 0.035732 -0.102972
vn 0.994042 0.035732 -0.102972
vn 0.980216 -0.197706 0.009449
vn 0.980216 -0.197706 0.009449
vn 0.980216 -0.197706 0.009449
vn 0.980216 -0.197706 0.009449
vn 0.971722 -0.231273 0.047643
vn 0.971722 -0.231273 0.047643
vn 0.971722 -0.231273 0.047643
vn 0.971722 -0.231273 0.047643
vn 0.988268 -0.011426 0.152303
vn 0.988268 -0.011426 0.152303
vn 0.988268 -0.011426 0.152303
vn 0.988268 -0.011426 0.152303
vn 0.995483 0.016142 -0.093562
vn 0.995483 0.016142 -0.093561
vn 0.995483 0.016142 -0.093562
vn 0.995483 0.016142 -0.093561
vn 0.992932 -0.089683 -0.077740
vn 0.992932 -0.089683 -0.077740
vn 0.992932 -0.089683 -0.077740
vn 0.992932 -0.089683 -0.077740
vn 0.985838 -0.149101 0.076767
vn 0.985838 -0.149101 0.076767
vn 0.985838 -0.149101 0.076767
vn 0.985838 -0.149101 0.076767
vn 0.987584 -0.136390 0.077943
vn 0.987584 -0.136390 0.077943
vn 0.987584 -0.136390 0.077943
vn 0.987584 -0.136390 0.077943
vn 0.993635 -0.033218 -0.107638
vn 0.993635 -0.033218 -0.107638
vn 0.993635 -0.033218 -0.107638
vn 0.993635 -0.033218 -0.107638
vn 0.993193 0.060315 0.099651
vn 0.993193 0.060315 0.099651
vn 0.993193 0.060315 0.099651
vn 0.993193 0.060315 0.099651
vn 0.989562 0.127982 -0.066243
vn 0.989562 0.127982 -0.066243
vn 0.989562 0.127982 -0.066243
vn 0.989562 0.127982 -0.066243
vn 0.992184 0.124382 0.010054
vn 0.992184 0.124382 0.010054
vn 0.992184 0.124382 0.010054
vn 0.992183 0.124382 0.010054
vn 0.991668 0.088367 0.093732
vn 0.991668 0.088367 0.093732
vn 0.991668 0.088367 0.093732
vn 0.991668 0.088367 0.093732
vn 0.999482 0.024313 0.021077
vn 0.999482 0.024313 0.021077
vn 0.999482 0.024313 0.021077
vn 0.999482 0.024313 0.021077
vn 0.998346 -0.048083 0.031527
vn 0.998346 -0.048083 0.031527
vn 0.998346 -0.048083 0.031527
vn 0.998346 -0.048083 0.031527
vn 0.978271 -0.087050 -0.188173
vn 0.978271 -0.087050 -0.188173
vn 0.978271 -0.087050 -0.188173
vn 0.978271 -0.087050 -0.188173
vn 0.986336 -0.010869 0.164387
vn 0.986336 -0.010869 0.164387
vn 0.986336 -0.010869 0.164387
vn 0.986336 -0.010869 0.164387
vn 0.994468 0.100792 -0.029583
vn 0.994468 0.100792 -0.029583
vn 0.994468 0.100792 -0.029583
vn 0.994468 0.100792 -0.029583
vn 0.987944 0.151751 0.030646
vn 0.987944 0.151751 0.030646
vn 0.987944 0.151751 0.030646
vn 0.987944 0.151751 0.030646
vn 0.988854 0.148747 0.006533
vn 0.988854 0.148747 0.006533
vn 0.988854 0.148747 0.006533
vn 0.988854 0.148747 0.006533
vn 0.995357 0.039143 0.087932
vn 0.995357 0.039143 0.087932
vn 0.995357 0.039143 0.087932
vn 0.995357 0.039143 0.087932
vn 0.992280 0.002716 -0.123992
vn 0.992280 0.002716 -0.123992
vn 0.992280 0.002716 -0.123992
vn 0.992280 0.002716 -0.123992
vn 0.994886 0.087012 -0.051296
vn 0.994886 0.087012 -0.051296
vn 0.994886 0.087012 -0.051296
vn 0.994886 0.087012 -0.051296
vn 0.989875 0.138903 -0.029231
vn 0.989875 0.138903 -0.029231
vn 0.989874 0.138903 -0.029231
vn 0.989875 0.138903 -0.029231
vn 0.990793 0.135063 0.009322
vn 0.990793 0.135063 0.009322
vn 0.990793 0.135063 0.009322
vn 0.990793 0.135063 0.009322
vn 0.981172 0.078300 0.176555
vn 0.981172 0.078300 0.176555
vn 0.981172 0.078300 0.176555
vn 0.981172 0.078300 0.176555
vn 0.986136 0.049800 -0.158289
vn 0.986136 0.049800 -0.158289
vn 0.986136 0.049800 -0.158289
vn 0.986136 0.049800 -0.158289
vn 0.991691 0.105586 -0.073486
vn 0.991691 0.105586 -0.073486
vn 0.991691 0.105586 -0.073486
vn 0.991691 0.105586 -0.073486
vn 0.990610 0.133182 -0.030884
vn 0.990610 0.133182 -0.030884
vn 0.990610 0.133182 -0.030884
vn 0.990610 0.133182 -0.030884
vn 0.997311 0.070117 0.021321
vn 0.997311 0.070117 0.021321
vn 0.997311 0.070117 0.021321
vn 0.997311 0.070117 0.021321
vn 0.988938 0.012703 0.147783
vn 0.988938 0.012703 0.147783
vn 0.988938 0.012703 0.147783
vn 0.988938 0.012703 0.147783
vn 0.996978 -0.012235 -0.076719
vn 0.996978 -0.012235 -0.076719
vn 0.996978 -0.012235 -0.076719
vn 0.996978 -0.012235 -0.076719
vn 0.984213 0.003783 -0.176949
vn 0.984213 0.003783 -0.176949
vn 0.984213 0.003783 -0.176949
vn 0.984213 0.003783 -0.176949
vn 0.993945 0.070063 -0.084642
vn 0.993945 0.070063 -0.084642
vn 0.993945 0.070063 -0.084642
vn 0.993945 0.070063 -0.084642
vn 0.985020 0.102327 0.138802
vn 0.985019 0.102326 0.138802
vn 0.985019 0.102326 0.138802
vn 0.985020 0.102327 0.138802
vn 0.968050 0.063660 0.242543
vn 0.968050 0.063660 0.242543
vn 0.968050 0.063660 0.242543
vn 0.968050 0.063660 0.242543
vn 0.987171 0.106708 -0.118769
vn 0.987171 0.106708 -0.118769
vn 0.987171 0.106708 -0.118769
vn 0.987171 0.106708 -0.118769
vn 0.978492 0.195729 -0.065135
vn 0.978492 0.195729 -0.065135
vn 0.978492 0.195729 -0.065135
vn 0.978492 0.195729 -0.065135
vn 0.979965 0.199005 0.008101
vn 0.979965 0.199005 0.008101
vn 0.979965 0.199005 0.008101
vn 0.979965 0.199005 0.008101
vn 0.978393 0.165043 0.124528
vn 0.978393 0.165043 0.124528
vn 0.978393 0.165043 0.124528
vn 0.978393 0.165043 0.124528
vn 0.986692 0.071930 -0.145829
vn 0.986692 0.071930 -0.145829
vn 0.986692 0.071930 -0.145829
vn 0.986692 0.071930 -0.145829
vn 0.991909 -0.038918 0.120841
vn 0.991909 -0.038918 0.120841
vn 0.991909 -0.038918 0.120841
vn 0.991909 -0.038918 0.120841
vn 0.989775 -0.110005 -0.090800
vn 0.989775 -0.110005 -0.090800
vn 0.989775 -0.110005 -0.090800
vn 0.989775 -0.110005 -0.090800
vn 0.991230 -0.131844 0.009010
vn 0.991230 -0.131844 0.009010
vn 0.991230 -0.131844 0.009010
vn 0.991230 -0.131844 0.009010
vn 0.990875 -0.093241 0.097325
vn 0.990875 -0.093241 0.097325
vn 0.990875 -0.093241 0.097325
vn 0.990875 -0.093241 0.097325
vn 0.990835 -0.115807 -0.069533
vn 0.990835 -0.115807 -0.069533
vn 0.990835 -0.115807 -0.069533
vn 0.990835 -0.115807 -0.069533
vn 0.991374 -0.124337 0.041453
vn 0.991374 -0.124337 0.041453
vn 0.991374 -0.124337 0.041453
vn 0.991374 -0.124337 0.041453
vn 0.983309 -0.056826 -0.172845
vn 0.983308 -0.056826 -0.172845
vn 0.983309 -0.056826 -0.172845
vn 0.983309 -0.056826 -0.172845
vn 0.966437 -0.020137 0.256114
vn 0.966437 -0.020137 0.256114
vn 0.966437 -0.020137 0.256114
vn 0.966437 -0.020137 0.256114
vn 0.997502 -0.052439 -0.047333
vn 0.997502 -0.052439 -0.047333
vn 0.997502 -0.052439 -0.047333
vn 0.997502 -0.052439 -0.047333
vn 0.994114 -0.069701 0.082940
vn 0.994114 -0.069701 0.082940
vn 0.994114 -0.069701 0.082940
vn 0.994114 -0.069701 0.082940
vn 0.990580 -0.106727 -0.085793
vn 0.990580 -0.106727 -0.085793
vn 0.990580 -0.106727 -0.085793
vn 0.990580 -0.106727 -0.085793
vn 0.978850 -0.202629 -0.028197
vn 0.978850 -0.202629 -0.028197
vn 0.978850 -0.202628 -0.028197
vn 0.978850 -0.202628 -0.028197
vn 0.979683 -0.196982 -0.037678
vn 0.979683 -0.196982 -0.037678
vn 0.979683 -0.196982 -0.037678
vn 0.979683 -0.196982 -0.037678
vn 0.990756 -0.135195 0.011170
vn 0.990756 -0.135195 0.011170
vn 0.990756 -0.135195 0.011170
vn 0.990756 -0.135195 0.011170
vn 0.997256 -0.028261 0.068429
vn 0.997256 -0.028261 0.068429
vn 0.997256 -0.028261 0.068429
vn 0.997256 -0.028261 0.068429
vn 0.998438 0.055112 -0.009193
vn 0.998438 0.055112 -0.009193
vn 0.998438 0.055112 -0.009193
vn 0.998438 0.055112 -0.009193
vn 0.998018 -0.033254 0.053420
vn 0.998018 -0.033254 0.053420
vn 0.998018 -0.033254 0.053420
vn 0.998018 -0.033254 0.053420
vn 0.991497 -0.075888 -0.105713
vn 0.991497 -0.075888 -0.105713
vn 0.991497 -0.075888 -0.105713
vn 0.991497 -0.075888 -0.105713
vn 0.999203 -0.030391 -0.025881
vn 0.999203 -0.030391 -0.025881
vn 0.999203 -0.030391 -0.025881
vn 0.999203 -0.030391 -0.025881
vn 0.999889 0.011305 -0.009681
vn 0.999889 0.011305 -0.009681
vn 0.999889 0.011305 -0.009681
vn 0.999889 0.011305 -0.009681
vn 0.995108 0.096472 0.021281
vn 0.995108 0.096472 0.021281
vn 0.995108 0.096472 0.021281
vn 0.995108 0.096472 0.021281
vn 0.997980 0.047341 0.042372
vn 0.997980 0.047341 0.042372
vn 0.997980 0.047341 0.042372
vn 0.997980 0.047341 0.042372
vn 0.989650 -0.078224 -0.120312
vn 0.989650 -0.078224 -0.120312
vn 0.989650 -0.078224 -0.120312
vn 0.989650 -0.078224 -0.120312
vn 0.997439 -0.026518 -0.066428
vn 0.997439 -0.026518 -0.066428
vn 0.997439 -0.026518 -0.066428
vn 0.997439 -0.026518 -0.066428
vn 0.982046 0.174615 0.071388
vn 0.982045 0.174615 0.071388
vn 0.982045 0.174615 0.071388
vn 0.982045 0.174615 0.071388
vn 0.972251 0.224078 0.067203
vn 0.972251 0.224078 0.067203
vn 0.972251 0.224078 0.067203
vn 0.972251 0.224078 0.067203
vn 0.996355 0.027277 0.080825
vn 0.996355 0.027277 0.080825
vn 0.996355 0.027277 0.080825
vn 0.996355 0.027277 0.080825
vn 0.985108 -0.148969 -0.085852
vn 0.985108 -0.148969 -0.085852
vn 0.985108 -0.148969 -0.085852
vn 0.985108 -0.148969 -0.085852
vn 0.979699 -0.193380 -0.052863
vn 0.979699 -0.193380 -0.052863
vn 0.979699 -0.193380 -0.052863
vn 0.979699 -0.193380 -0.052863
vn 0.979250 -0.202389 -0.010370
vn 0.979250 -0.202389 -0.010370
vn 0.979250 -0.202389 -0.010370
vn 0.979250 -0.202389 -0.010370
vn 0.973474 -0.201387 0.108592
vn 0.973474 -0.201387 0.108592
vn 0.973474 -0.201387 0.108592
vn 0.973474 -0.201387 0.108592
vn 0.987935 -0.098653 -0.119381
vn 0.987935 -0.098653 -0.119381
vn 0.987935 -0.098653 -0.119381
vn 0.987935 -0.098653 -0.119381
vn 0.992149 0.037398 0.119341
vn 0.992149 0.037398 0.119341
vn 0.992149 0.037398 0.119341
vn 0.992149 0.037398 0.119341
vn 0.989357 0.127439 -0.070231
vn 0.989357 0.127439 -0.070231
vn 0.989357 0.127439 -0.070231
vn 0.989357 0.127439 -0.070231
vn 0.982574 0.184222 0.024710
vn 0.982574 0.184222 0.024710
vn 0.982574 0.184222 0.024710
vn 0.982574 0.184222 0.024710
vn 0.981514 0.163945 0.098758
vn 0.981514 0.163945 0.098758
vn 0.981514 0.163945 0.098758
vn 0.981514 0.163945 0.098758
vn 0.979988 0.071271 -0.185862
vn 0.979988 0.071271 -0.185862
vn 0.979988 0.071271 -0.185862
vn 0.979988 0.071271 -0.185862
vn 0.996313 0.005860 0.085592
vn 0.996313 0.005860 0.085592
vn 0.996313 0.005860 0.085592
vn 0.996313 0.005860 0.085592
vn 0.991603 0.031339 -0.125461
vn 0.991603 0.031339 -0.125461
vn 0.991604 0.031339 -0.125461
vn 0.991603 0.031339 -0.125461
vn 0.973958 0.011112 0.226457
vn 0.973958 0.011112 0.226457
vn 0.973958 0.011112 0.226457
vn 0.973958 0.011112 0.226457
vn 0.994272 -0.040954 -0.098719
vn 0.994272 -0.040954 -0.098719
vn 0.994272 -0.040954 -0.098719
vn 0.994272 -0.040954 -0.098719
vn 0.992119 -0.038395 0.119268
vn 0.992119 -0.038395 0.119268
vn 0.992119 -0.038395 0.119268
vn 0.992119 -0.038395 0.119268
vn 0.995341 0.030184 -0.091567
vn 0.995341 0.030184 -0.091567
vn 0.995341 0.030184 -0.091567
vn 0.995341 0.030184 -0.091567
vn 0.992575 0.116320 -0.035553
vn 0.992575 0.116320 -0.035553
vn 0.992575 0.116320 -0.035553
vn 0.992575 0.116320 -0.035553
vn 0.986877 0.160296 0.019472
vn 0.986877 0.160296 0.019472
vn 0.986877 0.160296 0.019472
vn 0.986877 0.160296 0.019472
vn 0.987701 0.155825 0.012873
vn 0.987701 0.155825 0.012873
vn 0.987701 0.155825 0.012873
vn 0.987701 0.155825 0.012873
vn 0.995613 0.057034 0.074169
vn 0.995613 0.057034 0.074169
vn 0.995614 0.057034 0.074169
vn 0.995614 0.057034 0.074169
vn 0.999431 -0.028768 -0.017609
vn 0.999431 -0.028768 -0.017609
vn 0.999431 -0.028768 -0.017609
vn 0.999431 -0.028768 -0.017609
vn 0.999637 -0.020126 -0.017922
vn 0.999637 -0.020126 -0.017922
vn 0.999637 -0.020126 -0.017922
vn 0.999637 -0.020126 -0.017922
vn 0.997768 -0.008152 -0.066273
vn 0.997768 -0.008152 -0.066273
vn 0.997768 -0.008152 -0.066273
vn 0.997768 -0.008152 -0.066273
vn 0.998407 -0.033566 -0.045353
vn 0.998407 -0.033566 -0.045353
vn 0.998407 -0.033566 -0.045353
vn 0.998407 -0.033566 -0.045353
vn 0.997784 -0.062694 0.022300
vn 0.997784 -0.062694 0.022300
vn 0.997784 -0.062694 0.022300
vn 0.997784 -0.062694 0.022300
vn 0.994556 -0.041490 0.095586
vn 0.994556 -0.041490 0.095586
vn 0.994556 -0.041490 0.095586
vn 0.994556 -0.041490 0.095586
vn 0.997243 -0.028547 -0.068494
vn 0.997243 -0.028547 -0.068494
vn 0.997243 -0.028547 -0.068494
vn 0.997243 -0.028547 -0.068494
vn 0.987355 -0.045070 -0.151982
vn 0.987355 -0.045070 -0.151982
vn 0.987355 -0.045070 -0.151982
vn 0.987355 -0.045070 -0.151982
vn 0.998913 -0.040183 0.023611
vn 0.998913 -0.040183 0.023611
vn 0.998913 -0.040183 0.023611
vn 0.998913 -0.040183 0.023611
vn 0.981195 -0.032556 0.190253
vn 0.981195 -0.032556 0.190253
vn 0.981195 -0.032556 0.190253
vn 0.981195 -0.032556 0.190253
vn 0.976187 -0.168985 -0.136028
vn 0.976187 -0.168985 -0.136028
vn 0.976187 -0.168985 -0.136028
vn 0.976187 -0.168985 -0.136028
vn 0.977477 -0.205436 0.048316
vn 0.977477 -0.205436 0.048316
vn 0.977477 -0.205436 0.048316
vn 0.977477 -0.205436 0.048316
vn 0.962656 -0.179591 -0.202586
vn 0.962656 -0.179591 -0.202586
vn 0.962656 -0.179591 -0.202586
vn 0.962656 -0.179591 -0.202586
vn 0.988070 -0.070112 0.137118
vn 0.988070 -0.070112 0.137118
vn 0.988070 -0.070112 0.137118
vn 0.988070 -0.070112 0.137118
vn 0.986671 0.161299 0.021534
vn 0.986671 0.161299 0.021534
vn 0.986671 0.161299 0.021534
vn 0.986671 0.161299 0.021534
vn 0.994256 0.104964 0.020909
vn 0.994256 0.104964 0.020909
vn 0.994256 0.104963 0.020909
vn 0.994256 0.104963 0.020909
vn 0.999682 0.003944 -0.024921
vn 0.999682 0.003944 -0.024921
vn 0.999682 0.003944 -0.024921
vn 0.999682 0.003944 -0.024921
vn 0.992146 -0.037363 0.119374
vn 0.992146 -0.037363 0.119374
vn 0.992146 -0.037363 0.119374
vn 0.992146 -0.037363 0.119374
vn 0.995893 -0.085956 -0.028439
vn 0.995893 -0.085956 -0.028439
vn 0.995893 -0.085956 -0.028439
vn 0.995893 -0.085956 -0.028439
vn 0.993952 -0.108205 0.018728
vn 0.993952 -0.108205 0.018728
vn 0.993952 -0.108205 0.018728
vn 0.993952 -0.108205 0.018728
vn 0.990235 -0.115801 0.077626
vn 0.990235 -0.115801 0.077626
vn 0.990235 -0.115801 0.077626
vn 0.990235 -0.115801 0.077626
vn 0.990685 0.007475 -0.135972
vn 0.990685 0.007475 -0.135972
vn 0.990685 0.007475 -0.135972
vn 0.990685 0.007475 -0.135972
vn 0.991831 0.108167 0.067611
vn 0.991831 0.108167 0.067611
vn 0.991831 0.108167 0.067611
vn 0.991831 0.108167 0.067611
vn 0.990460 0.116166 -0.074118
vn 0.990461 0.116166 -0.074118
vn 0.990461 0.116166 -0.074118
vn 0.990461 0.116166 -0.074118
vn 0.993393 0.056713 0.099767
vn 0.993393 0.056713 0.099767
vn 0.993393 0.056713 0.099767
vn 0.993393 0.056713 0.099767
vn 0.995067 -0.020539 -0.097058
vn 0.995067 -0.020539 -0.097058
vn 0.995067 -0.020539 -0.097058
vn 0.995067 -0.020539 -0.097058
vn 0.993150 -0.026921 0.113705
vn 0.993150 -0.026921 0.113705
vn 0.993150 -0.026921 0.113705
vn 0.993150 -0.026921 0.113705
vn 0.993827 -0.083194 -0.073393
vn 0.993827 -0.083194 -0.073393
vn 0.993827 -0.083194 -0.073393
vn 0.993827 -0.083194 -0.073393
vn 0.992556 -0.121645 -0.005903
vn 0.992556 -0.121645 -0.005903
vn 0.992556 -0.121645 -0.005903
vn 0.992556 -0.121645 -0.005903
vn 0.992579 -0.113908 0.042577
vn 0.992579 -0.113908 0.042577
vn 0.992579 -0.113908 0.042577
vn 0.992579 -0.113908 0.042577
vn 0.997463 -0.056802 0.042910
vn 0.997463 -0.056802 0.042910
vn 0.997463 -0.056802 0.042910
vn 0.997463 -0.056802 0.042910
vn 0.997226 -0.053117 -0.052143
vn 0.997226 -0.053117 -0.052143
vn 0.997226 -0.053117 -0.052143
vn 0.997226 -0.053117 -0.052143
vn 0.995824 -0.090195 -0.014154
vn 0.995824 -0.090195 -0.014154
vn 0.995824 -0.090195 -0.014154
vn 0.995824 -0.090195 -0.014154
vn 0.996493 0.005858 0.083476
vn 0.996493 0.005858 0.083476
vn 0.996493 0.005858 0.083476
vn 0.996493 0.005858 0.083476
vn 0.992267 0.115609 -0.045173
vn 0.992267 0.115609 -0.045173
vn 0.992267 0.115609 -0.045173
vn 0.992267 0.115609 -0.045173
vn 0.987828 0.141791 -0.063955
vn 0.987828 0.141791 -0.063955
vn 0.987828 0.141791 -0.063955
vn 0.987828 0.141791 -0.063955
vn 0.995045 0.091477 -0.038956
vn 0.995045 0.091477 -0.038956
vn 0.995045 0.091477 -0.038956
vn 0.995045 0.091477 -0.038956
vn 0.997580 -0.066587 0.019995
vn 0.997580 -0.066587 0.019995
vn 0.997580 -0.066587 0.019995
vn 0.997580 -0.066587 0.019995
vn 0.995214 -0.097166 -0.010360
vn 0.995214 -0.097166 -0.010360
vn 0.995214 -0.097166 -0.010360
vn 0.995214 -0.097166 -0.010360
vn 0.993665 0.110548 -0.020208
vn 0.993665 0.110548 -0.020208
vn 0.993665 0.110548 -0.020208
vn 0.993665 0.110548 -0.020208
vn 0.988504 0.114079 -0.099228
vn 0.988504 0.114079 -0.099228
vn 0.988504 0.114079 -0.099228
vn 0.988504 0.114079 -0.099228
vn 0.988580 -0.128592 0.078575
vn 0.988580 -0.128592 0.078575
vn 0.988580 -0.128592 0.078575
vn 0.988580 -0.128592 0.078575
vn 0.995543 -0.047088 -0.081713
vn 0.995543 -0.047088 -0.081713
vn 0.995543 -0.047088 -0.081713
vn 0.995543 -0.047088 -0.081713
vn 0.973778 0.159696 0.162033
vn 0.973778 0.159696 0.162033
vn 0.973778 0.159696 0.162033
vn 0.973778 0.159696 0.162033
vn 0.946198 0.279406 -0.163221
vn 0.946198 0.279406 -0.163221
vn 0.946198 0.279406 -0.163221
vn 0.946198 0.279406 -0.163221
vn 0.976684 0.185350 0.108326
vn 0.976684 0.185350 0.108326
vn 0.976684 0.185350 0.108326
vn 0.976684 0.185350 0.108326
vn 0.997632 -0.059337 0.034785
vn 0.997632 -0.059337 0.034785
vn 0.997632 -0.059337 0.034785
vn 0.997632 -0.059337 0.034785
vn 0.999300 0.021237 0.030785
vn 0.999300 0.021237 0.030785
vn 0.999300 0.021237 0.030785
vn 0.999300 0.021237 0.030785
vn 0.993645 0.063946 -0.092635
vn 0.993645 0.063946 -0.092635
vn 0.993645 0.063946 -0.092635
vn 0.993645 0.063946 -0.092635
vn 0.995452 0.012193 0.094479
vn 0.995452 0.012193 0.094479
vn 0.995452 0.012193 0.094479
vn 0.995452 0.012193 0.094479
vn 0.997378 -0.008049 -0.071925
vn 0.997378 -0.008049 -0.071925
vn 0.997378 -0.008049 -0.071925
vn 0.997378 -0.008049 -0.071925
vn 0.999338 -0.014506 0.033378
vn 0.999338 -0.014506 0.033378
vn 0.999338 -0.014506 0.033378
vn 0.999338 -0.014506 0.033378
vn 0.991868 0.048124 0.117822
vn 0.991868 0.048124 0.117822
vn 0.991868 0.048124 0.117822
vn 0.991868 0.048124 0.117822
vn 0.997019 0.030501 -0.070873
vn 0.997019 0.030501 -0.070873
vn 0.997019 0.030501 -0.070873
vn 0.997019 0.030501 -0.070873
vn 0.995829 -0.089642 -0.017023
vn 0.995829 -0.089642 -0.017023
vn 0.995829 -0.089642 -0.017023
vn 0.995829 -0.089642 -0.017023
vn 0.996261 -0.082450 0.025819
vn 0.996261 -0.082450 0.025819
vn 0.996261 -0.082450 0.025819
vn 0.996261 -0.082450 0.025819
vn 0.999765 -0.021655 0.000586
vn 0.999765 -0.021655 0.000586
vn 0.999765 -0.021655 0.000586
vn 0.999765 -0.021655 0.000586
vn 0.997213 -0.018625 -0.072243
vn 0.997213 -0.018625 -0.072243
vn 0.997213 -0.018625 -0.072243
vn 0.997213 -0.018625 -0.072243
vn 0.994492 0.003698 0.104744
vn 0.994492 0.003698 0.104744
vn 0.994492 0.003698 0.104744
vn 0.994492 0.003698 0.104744
vn 0.991255 -0.007816 -0.131729
vn 0.991255 -0.007816 -0.131729
vn 0.991255 -0.007816 -0.131729
vn 0.991255 -0.007816 -0.131729
vn 0.999053 0.017647 0.039760
vn 0.999053 0.017647 0.039760
vn 0.999053 0.017647 0.039760
vn 0.999053 0.017647 0.039760
vn 0.999258 0.032835 0.020129
vn 0.999258 0.032835 0.020129
vn 0.999258 0.032835 0.020129
vn 0.999258 0.032835 0.020129
vn 0.996884 -0.077883 0.012560
vn 0.996884 -0.077883 0.012560
vn 0.996883 -0.077883 0.012560
vn 0.996884 -0.077883 0.012560
vn 0.998048 -0.062392 -0.002568
vn 0.998048 -0.062392 -0.002568
vn 0.998048 -0.062392 -0.002568
vn 0.998048 -0.062392 -0.002568
vn 0.991573 0.108768 0.070370
vn 0.991573 0.108768 0.070370
vn 0.991573 0.108768 0.070370
vn 0.991573 0.108768 0.070370
vn 0.997217 0.059517 0.044905
vn 0.997217 0.059517 0.044905
vn 0.997217 0.059517 0.044905
vn 0.997217 0.059517 0.044905
vn 0.996540 -0.076499 -0.032488
vn 0.996540 -0.076499 -0.032488
vn 0.996540 -0.076499 -0.032488
vn 0.996540 -0.076499 -0.032488
vn 0.998372 -0.051209 -0.025126
vn 0.998372 -0.051209 -0.025126
vn 0.998372 -0.051209 -0.025126
vn 0.998372 -0.051209 -0.025126
vn 0.997888 0.015888 -0.062985
vn 0.997888 0.015888 -0.062985
vn 0.997888 0.015888 -0.062985
vn 0.997888 0.015888 -0.062985
vn 0.995185 0.089077 -0.040884
vn 0.995185 0.089077 -0.040884
vn 0.995185 0.089077 -0.040884
vn 0.995185 0.089077 -0.040884
vn 0.976634 0.182129 0.114080
vn 0.976634 0.182129 0.114080
vn 0.976634 0.182129 0.114080
vn 0.976634 0.182129 0.114080
vn 0.994406 0.103536 -0.020920
vn 0.994406 0.103536 -0.020920
vn 0.994406 0.103536 -0.020920
vn 0.994406 0.103536 -0.020920
vn 0.987373 0.045343 -0.151784
vn 0.987373 0.045343 -0.151784
vn 0.987373 0.045343 -0.151784
vn 0.987373 0.045343 -0.151784
vn 0.986769 0.162040 0.005556
vn 0.986769 0.162040 0.005556
vn 0.986769 0.162040 0.005556
vn 0.986769 0.162040 0.005556
vn 0.968867 0.213029 0.126159
vn 0.968867 0.213029 0.126159
vn 0.968867 0.213029 0.126159
vn 0.968867 0.213029 0.126159
vn 0.983118 0.153356 0.099801
vn 0.983118 0.153356 0.099801
vn 0.983118 0.153356 0.099801
vn 0.983118 0.153356 0.099801
vn 0.990260 -0.007977 -0.139000
vn 0.990260 -0.007977 -0.139000
vn 0.990260 -0.007977 -0.139000
vn 0.990260 -0.007977 -0.139000
vn 0.978126 -0.137664 -0.155941
vn 0.978126 -0.137664 -0.155941
vn 0.978126 -0.137664 -0.155941
vn 0.978126 -0.137664 -0.155941
vn 0.983152 -0.182462 0.010918
vn 0.983152 -0.182462 0.010918
vn 0.983152 -0.182462 0.010918
vn 0.983152 -0.182462 0.010918
vn 0.974937 -0.139668 0.173180
vn 0.974937 -0.139668 0.173180
vn 0.974937 -0.139668 0.173180
vn 0.974937 -0.139668 0.173180
vn 0.993143 -0.051589 -0.104911
vn 0.993143 -0.051589 -0.104911
vn 0.993143 -0.051589 -0.104911
vn 0.993143 -0.051589 -0.104911
vn 0.994930 -0.006236 0.100379
vn 0.994930 -0.006236 0.100379
vn 0.994930 -0.006236 0.100379
vn 0.994930 -0.006236 0.100379
vn 0.993568 -0.019921 -0.111475
vn 0.993568 -0.019921 -0.111475
vn 0.993568 -0.019921 -0.111475
vn 0.993568 -0.019921 -0.111475
vn 0.997976 -0.031892 0.055020
vn 0.997976 -0.031892 0.055020
vn 0.997976 -0.031892 0.055020
vn 0.997976 -0.031892 0.055020
vn 0.979624 0.012326 0.200461
vn 0.979624 0.012326 0.200461
vn 0.979624 0.012326 0.200461
vn 0.979624 0.012326 0.200461
vn 0.985367 0.014900 -0.169793
vn 0.985367 0.014900 -0.169793
vn 0.985367 0.014900 -0.169793
vn 0.985367 0.014900 -0.169793
vn 0.995515 -0.036087 -0.087452
vn 0.995515 -0.036087 -0.087452
vn 0.995515 -0.036087 -0.087452
vn 0.995515 -0.036087 -0.087452
vn 0.994817 -0.052164 0.087287
vn 0.994817 -0.052164 0.087287
vn 0.994817 -0.052164 0.087287
vn 0.994817 -0.052164 0.087287
vn 0.999127 -0.012337 0.039913
vn 0.999127 -0.012337 0.039913
vn 0.999127 -0.012337 0.039913
vn 0.999127 -0.012337 0.039913
vn 0.997644 0.041996 -0.054252
vn 0.997644 0.041996 -0.054252
vn 0.997644 0.041996 -0.054252
vn 0.997644 0.041996 -0.054252
vn 0.994808 0.030031 0.097240
vn 0.994808 0.030031 0.097240
vn 0.994808 0.030031 0.097240
vn 0.994808 0.030031 0.097240
vn 0.991654 0.044823 -0.120887
vn 0.991654 0.044823 -0.120887
vn 0.991654 0.044823 -0.120887
vn 0.991654 0.044823 -0.120887
vn 0.996523 0.054174 0.063303
vn 0.996523 0.054174 0.063303
vn 0.996523 0.054174 0.063303
vn 0.996523 0.054174 0.063303
vn 0.999517 0.016206 -0.026523
vn 0.999517 0.016206 -0.026523
vn 0.999517 0.016206 -0.026523
vn 0.999517 0.016206 -0.026523
vn 0.998295 0.010365 -0.057440
vn 0.998295 0.010365 -0.057440
vn 0.998295 0.010365 -0.057440
vn 0.998295 0.010365 -0.057440
vn 0.995853 0.016898 0.089390
vn 0.995853 0.016898 0.089390
vn 0.995853 0.016898 0.089390
vn 0.995853 0.016898 0.089390
vn 0.992211 -0.008548 0.124279
vn 0.992211 -0.008548 0.124279
vn 0.992211 -0.008548 0.124279
vn 0.992211 -0.008548 0.124279
vn 0.963883 -0.162322 -0.211143
vn 0.963883 -0.162322 -0.211143
vn 0.963883 -0.162322 -0.211143
vn 0.963883 -0.162322 -0.211143
vn 0.976564 -0.209968 0.047298
vn 0.976564 -0.209968 0.047298
vn 0.976564 -0.209968 0.047298
vn 0.976564 -0.209968 0.047298
vn 0.991837 -0.127380 0.005801
vn 0.991837 -0.127380 0.005801
vn 0.991837 -0.127380 0.005801
vn 0.991837 -0.127380 0.005801
vn 0.960950 -0.238268 -0.140724
vn 0.960950 -0.238268 -0.140724
vn 0.960950 -0.238268 -0.140724
vn 0.960950 -0.238268 -0.140724
vn 0.954412 -0.293653 0.053543
vn 0.954412 -0.293653 0.053543
vn 0.954412 -0.293653 0.053543
vn 0.954412 -0.293653 0.053543
vn 0.956268 -0.162594 0.243133
vn 0.956268 -0.162594 0.243133
vn 0.956268 -0.162594 0.243133
vn 0.956268 -0.162594 0.243133
vn 0.978208 -0.108033 -0.177310
vn 0.978208 -0.108034 -0.177310
vn 0.978208 -0.108034 -0.177310
vn 0.978208 -0.108034 -0.177310
vn 0.980973 -0.163034 -0.105410
vn 0.980973 -0.163034 -0.105410
vn 0.980973 -0.163034 -0.105410
vn 0.980973 -0.163034 -0.105410
vn 0.974788 -0.222624 0.015076
vn 0.974788 -0.222624 0.015076
vn 0.974788 -0.222624 0.015076
vn 0.974788 -0.222624 0.015076
vn 0.957260 -0.259585 0.127551
vn 0.957260 -0.259585 0.127551
vn 0.957260 -0.259585 0.127551
vn 0.957260 -0.259585 0.127551
vn 0.977226 -0.163288 0.135520
vn 0.977226 -0.163288 0.135520
vn 0.977226 -0.163288 0.135520
vn 0.977226 -0.163288 0.135520
vn 0.982208 -0.015755 -0.187133
vn 0.982208 -0.015755 -0.187133
vn 0.982208 -0.015755 -0.187133
vn 0.982208 -0.015755 -0.187133
vn 0.986060 0.073485 -0.149284
vn 0.986060 0.073485 -0.149284
vn 0.986060 0.073485 -0.149284
vn 0.986060 0.073485 -0.149284
vn 0.991517 0.129230 0.013917
vn 0.991517 0.129230 0.013917
vn 0.991517 0.129230 0.013917
vn 0.991517 0.129230 0.013917
vn 0.982265 0.082980 0.168139
vn 0.982265 0.082980 0.168139
vn 0.982265 0.082980 0.168139
vn 0.982265 0.082980 0.168139
vn 0.997160 0.019272 -0.072810
vn 0.997160 0.019272 -0.072810
vn 0.997160 0.019272 -0.072810
vn 0.997160 0.019272 -0.072810
vn 0.993740 0.016471 0.110501
vn 0.993740 0.016471 0.110501
vn 0.993739 0.016471 0.110501
vn 0.993740 0.016471 0.110501
vn 0.992896 0.112213 -0.039561
vn 0.992896 0.112213 -0.039561
vn 0.992896 0.112213 -0.039561
vn 0.992896 0.112213 -0.039561
vn 0.990520 0.137323 -0.003473
vn 0.990520 0.137323 -0.003473
vn 0.990520 0.137323 -0.003473
vn 0.990520 0.137323 -0.003473
vn 0.991646 -0.048048 0.119708
vn 0.991646 -0.048048 0.119708
vn 0.991646 -0.048048 0.119708
vn 0.991646 -0.048048 0.119708
vn 0.991223 -0.073085 -0.110165
vn 0.991223 -0.073085 -0.110165
vn 0.991223 -0.073085 -0.110165
vn 0.991223 -0.073085 -0.110165
vn 0.995745 0.079486 -0.046635
vn 0.995745 0.079486 -0.046635
vn 0.995745 0.079486 -0.046635
vn 0.995745 0.079486 -0.046635
vn 0.994020 0.097721 0.048733
vn 0.994020 0.097721 0.048733
vn 0.994020 0.097721 0.048733
vn 0.994020 0.097721 0.048733
vn 0.993770 0.067993 0.088309
vn 0.993770 0.067993 0.088309
vn 0.993770 0.067993 0.088309
vn 0.993770 0.067993 0.088309
vn 0.995657 0.088802 -0.027959
vn 0.995657 0.088802 -0.027959
vn 0.995657 0.088802 -0.027959
vn 0.995657 0.088802 -0.027959
vn 0.998901 0.044453 0.014835
vn 0.998901 0.044453 0.014835
vn 0.998901 0.044453 0.014835
vn 0.998901 0.044453 0.014835
vn 0.995211 -0.026044 -0.094216
vn 0.995211 -0.026044 -0.094216
vn 0.995211 -0.026044 -0.094216
vn 0.995211 -0.026044 -0.094216
vn 0.997652 -0.068424 0.003027
vn 0.997652 -0.068424 0.003027
vn 0.997652 -0.068424 0.003027
vn 0.997652 -0.068424 0.003027
vn 0.995701 -0.089170 -0.025058
vn 0.995701 -0.089170 -0.025058
vn 0.995701 -0.089170 -0.025058
vn 0.995701 -0.089170 -0.025058
vn 0.998272 -0.052052 -0.027278
vn 0.998272 -0.052052 -0.027278
vn 0.998272 -0.052052 -0.027278
vn 0.998272 -0.052052 -0.027278
vn 0.994860 -0.018030 0.099640
vn 0.994860 -0.018030 0.099640
vn 0.994860 -0.018030 0.099640
vn 0.994860 -0.018030 0.099640
vn 0.994747 -0.004571 0.102265
vn 0.994747 -0.004571 0.102265
vn 0.994747 -0.004571 0.102265
vn 0.994747 -0.004571 0.102265
vn 0.953421 0.035915 -0.299496
vn 0.953421 0.035915 -0.299496
vn 0.953421 0.035915 -0.299496
vn 0.953421 0.035915 -0.299496
vn 0.997869 -0.064986 -0.005877
vn 0.997869 -0.064986 -0.005877
vn 0.997869 -0.064986 -0.005877
vn 0.997869 -0.064986 -0.005877
vn 0.976204 -0.216635 -0.009802
vn 0.976203 -0.216635 -0.009802
vn 0.976204 -0.216635 -0.009802
vn 0.976204 -0.216635 -0.009802
vn 0.993579 -0.064781 -0.092760
vn 0.993579 -0.064781 -0.092760
vn 0.993579 -0.064781 -0.092760
vn 0.993579 -0.064781 -0.092760
vn 0.995409 0.063326 0.071776
vn 0.995408 0.063326 0.071776
vn 0.995409 0.063326 0.071776
vn 0.995409 0.063326 0.071776
vn 0.945535 0.028960 0.324230
vn 0.945535 0.028960 0.324230
vn 0.945535 0.028960 0.324230
vn 0.945535 0.028960 0.324230
vn 0.978213 0.030323 -0.205378
vn 0.978213 0.030323 -0.205378
vn 0.978213 0.030323 -0.205378
vn 0.978213 0.030323 -0.205378
vn 0.992707 0.059420 -0.104890
vn 0.992707 0.059420 -0.104890
vn 0.992707 0.059420 -0.104890
vn 0.992707 0.059420 -0.104890
vn 0.994839 0.101258 -0.006553
vn 0.994839 0.101258 -0.006553
vn 0.994839 0.101258 -0.006553
vn 0.994839 0.101258 -0.006553
vn 0.992842 0.078960 0.089606
vn 0.992843 0.078960 0.089606
vn 0.992842 0.078960 0.089606
vn 0.992842 0.078960 0.089606
vn 0.973850 0.024979 0.225813
vn 0.973850 0.024979 0.225813
vn 0.973850 0.024979 0.225813
vn 0.973850 0.024979 0.225813
vn 0.991757 0.033272 -0.123741
vn 0.991757 0.033272 -0.123741
vn 0.991757 0.033272 -0.123741
vn 0.991757 0.033272 -0.123741
vn 0.993650 0.079150 -0.079963
vn 0.993650 0.079150 -0.079963
vn 0.993650 0.079150 -0.079963
vn 0.993650 0.079150 -0.079963
vn 0.996040 0.088532 0.008124
vn 0.996040 0.088532 0.008124
vn 0.996040 0.088532 0.008124
vn 0.996040 0.088532 0.008124
vn 0.991095 0.070822 0.112757
vn 0.991095 0.070822 0.112757
vn 0.991095 0.070822 0.112757
vn 0.991095 0.070822 0.112757
vn 0.992168 0.029705 -0.121324
vn 0.992168 0.029705 -0.121324
vn 0.992168 0.029705 -0.121324
vn 0.992168 0.029705 -0.121324
vn 0.993820 -0.017346 0.109637
vn 0.993820 -0.017346 0.109637
vn 0.993820 -0.017346 0.109637
vn 0.993820 -0.017346 0.109637
vn 0.997979 -0.062313 0.012465
vn 0.997979 -0.062313 0.012465
vn 0.997979 -0.062313 0.012465
vn 0.997979 -0.062313 0.012465
vn 0.999072 -0.041943 -0.009752
vn 0.999072 -0.041943 -0.009752
vn 0.999072 -0.041943 -0.009752
vn 0.999072 -0.041943 -0.009752
vn 0.998333 0.048846 0.030738
vn 0.998333 0.048846 0.030738
vn 0.998333 0.048846 0.030738
vn 0.998333 0.048846 0.030738
vn 0.992526 0.119490 0.024783
vn 0.992526 0.119490 0.024783
vn 0.992526 0.119490 0.024783
vn 0.992526 0.119490 0.024783
vn 0.984006 0.175846 0.028466
vn 0.984006 0.175846 0.028466
vn 0.984006 0.175846 0.028466
vn 0.984006 0.175846 0.028466
vn 0.986047 0.165384 -0.018965
vn 0.986047 0.165384 -0.018965
vn 0.986047 0.165384 -0.018965
vn 0.986047 0.165384 -0.018965
vn 0.996241 0.078004 0.037664
vn 0.996241 0.078004 0.037664
vn 0.996241 0.078004 0.037664
vn 0.996241 0.078004 0.037664
vn 0.998116 -0.022569 -0.057056
vn 0.998116 -0.022569 -0.057056
vn 0.998116 -0.022569 -0.057056
vn 0.998116 -0.022569 -0.057056
vn 0.992511 -0.096542 -0.074847
vn 0.992511 -0.096542 -0.074847
vn 0.992511 -0.096542 -0.074847
vn 0.992511 -0.096542 -0.074847
vn 0.990407 -0.108081 -0.086102
vn 0.990406 -0.108081 -0.086102
vn 0.990407 -0.108081 -0.086102
vn 0.990407 -0.108081 -0.086102
vn 0.998872 -0.043958 0.017986
vn 0.998872 -0.043958 0.017986
vn 0.998872 -0.043958 0.017986
vn 0.998872 -0.043958 0.017986
vn 0.999822 0.018794 0.001697
vn 0.999822 0.018794 0.001697
vn 0.999822 0.018794 0.001697
vn 0.999822 0.018794 0.001697
vn 0.997642 -0.027421 -0.062910
vn 0.997642 -0.027421 -0.062910
vn 0.997642 -0.027421 -0.062910
vn 0.997642 -0.027421 -0.062910
vn 0.990358 -0.104219 0.091270
vn 0.990358 -0.104219 0.091270
vn 0.990358 -0.104219 0.091270
vn 0.990358 -0.104219 0.091270
vn 0.982251 -0.042884 0.182605
vn 0.982251 -0.042884 0.182605
vn 0.982251 -0.042884 0.182605
vn 0.982251 -0.042884 0.182605
vn 0.973706 0.096981 -0.206136
vn 0.973706 0.096981 -0.206136
vn 0.973706 0.096981 -0.206136
vn 0.973706 0.096981 -0.206136
vn 0.975649 0.184447 -0.118696
vn 0.975649 0.184447 -0.118696
vn 0.975649 0.184447 -0.118696
vn 0.975649 0.184447 -0.118696
vn 0.976188 0.216160 -0.018237
vn 0.976188 0.216160 -0.018237
vn 0.976188 0.216160 -0.018237
vn 0.976188 0.216160 -0.018237
vn 0.979492 0.195420 0.049050
vn 0.979492 0.195420 0.049050
vn 0.979492 0.195420 0.049050
vn 0.979492 0.195420 0.049050
vn 0.984878 0.170517 0.030642
vn 0.984878 0.170517 0.030642
vn 0.984878 0.170517 0.030642
vn 0.984878 0.170517 0.030642
vn 0.955489 0.105614 0.275476
vn 0.955489 0.105614 0.275476
vn 0.955489 0.105614 0.275476
vn 0.955489 0.105614 0.275476
vn 0.980445 0.080955 -0.179372
vn 0.980445 0.080955 -0.179372
vn 0.980445 0.080955 -0.179372
vn 0.980445 0.080955 -0.179372
vn 0.989567 0.135518 -0.048914
vn 0.989567 0.135518 -0.048914
vn 0.989567 0.135518 -0.048914
vn 0.989567 0.135518 -0.048914
vn 0.981637 0.187893 0.032953
vn 0.981637 0.187893 0.032953
vn 0.981637 0.187893 0.032953
vn 0.981637 0.187893 0.032953
vn 0.980914 0.191885 0.031440
vn 0.980914 0.191885 0.031440
vn 0.980914 0.191885 0.031440
vn 0.980914 0.191885 0.031440
vn 0.995789 0.041395 0.081802
vn 0.995789 0.041395 0.081802
vn 0.995789 0.041395 0.081802
vn 0.995789 0.041395 0.081802
vn 0.977690 -0.144208 -0.152728
vn 0.977690 -0.144208 -0.152728
vn 0.977690 -0.144208 -0.152728
vn 0.977690 -0.144208 -0.152728
vn 0.980699 -0.189591 -0.047805
vn 0.980699 -0.189591 -0.047805
vn 0.980699 -0.189591 -0.047805
vn 0.980699 -0.189591 -0.047805
vn 0.988197 -0.150986 0.025881
vn 0.988197 -0.150986 0.025881
vn 0.988197 -0.150986 0.025881
vn 0.988197 -0.150986 0.025881
vn 0.982122 -0.043920 0.183048
vn 0.982122 -0.043920 0.183048
vn 0.982122 -0.043920 0.183048
vn 0.982122 -0.043920 0.183048
vn 0.985349 0.019446 -0.169436
vn 0.985349 0.019446 -0.169436
vn 0.985349 0.019446 -0.169436
vn 0.985349 0.019446 -0.169436
vn 0.996671 -0.011904 0.080652
vn 0.996671 -0.011904 0.080652
vn 0.996671 -0.011904 0.080652
vn 0.996671 -0.011904 0.080652
vn 0.998321 -0.045137 -0.036307
vn 0.998321 -0.045137 -0.036307
vn 0.998321 -0.045137 -0.036307
vn 0.998321 -0.045137 -0.036307
vn 0.996532 -0.079339 0.025065
vn 0.996532 -0.079339 0.025065
vn 0.996533 -0.079339 0.025065
vn 0.996533 -0.079339 0.025065
vn 0.987692 -0.008156 0.156196
vn 0.987692 -0.008156 0.156196
vn 0.987692 -0.008156 0.156196
vn 0.987692 -0.008156 0.156196
vn 0.998457 -0.026292 -0.048920
vn 0.998457 -0.026292 -0.048920
vn 0.998457 -0.026292 -0.048920
vn 0.998457 -0.026292 -0.048920
vn 0.980210 -0.197489 -0.013660
vn 0.980210 -0.197489 -0.013660
vn 0.980210 -0.197489 -0.013660
vn 0.980210 -0.197489 -0.013660
vn 0.971078 -0.236988 -0.029053
vn 0.971078 -0.236988 -0.029053
vn 0.971078 -0.236988 -0.029053
vn 0.971078 -0.236988 -0.029053
vn 0.986120 -0.161424 0.038866
vn 0.986120 -0.161424 0.038866
vn 0.986120 -0.161424 0.038866
vn 0.986120 -0.161424 0.038866
vn 0.997944 -0.047276 -0.043270
vn 0.997944 -0.047276 -0.043270
vn 0.997944 -0.047276 -0.043270
vn 0.997944 -0.047276 -0.043270
vn 0.996520 0.047823 -0.068273
vn 0.996520 0.047823 -0.068273
vn 0.996520 0.047823 -0.068273
vn 0.996520 0.047823 -0.068273
vn 0.994134 0.079971 -0.072812
vn 0.994134 0.079971 -0.072812
vn 0.994134 0.079971 -0.072812
vn 0.994134 0.079971 -0.072812
vn 0.996540 0.064002 0.053030
vn 0.996540 0.064002 0.053030
vn 0.996540 0.064002 0.053030
vn 0.996540 0.064002 0.053030
vn 0.999684 0.020857 -0.014062
vn 0.999684 0.020857 -0.014062
vn 0.999684 0.020857 -0.014062
vn 0.999684 0.020857 -0.014062
vn 0.994860 0.013494 -0.100360
vn 0.994860 0.013494 -0.100360
vn 0.994860 0.013494 -0.100360
vn 0.994860 0.013494 -0.100360
vn 0.992659 0.064148 0.102531
vn 0.992659 0.064148 0.102531
vn 0.992659 0.064148 0.102531
vn 0.992659 0.064148 0.102531
vn 0.987050 -0.009366 0.160137
vn 0.987050 -0.009366 0.160137
vn 0.987050 -0.009366 0.160137
vn 0.987050 -0.009366 0.160137
vn 0.989850 -0.081498 -0.116429
vn 0.989850 -0.081498 -0.116429
vn 0.989850 -0.081498 -0.116429
vn 0.989850 -0.081498 -0.116429
vn 0.999126 0.002159 -0.041758
vn 0.999126 0.002159 -0.041758
vn 0.999125 0.002159 -0.041758
vn 0.999125 0.002159 -0.041758
vn 0.991918 0.116961 0.049187
vn 0.991918 0.116961 0.049187
vn 0.991918 0.116961 0.049187
vn 0.991918 0.116961 0.049187
vn 0.990110 0.139234 -0.017230
vn 0.990110 0.139234 -0.017230
vn 0.990110 0.139234 -0.017230
vn 0.990110 0.139234 -0.017230
vn 0.994602 0.099026 0.030985
vn 0.994602 0.099026 0.030985
vn 0.994602 0.099026 0.030985
vn 0.994602 0.099026 0.030985
vn 0.990297 0.013438 0.138318
vn 0.990297 0.013438 0.138318
vn 0.990297 0.013438 0.138318
vn 0.990297 0.013438 0.138318
vn 0.985714 -0.075694 -0.150458
vn 0.985714 -0.075694 -0.150458
vn 0.985714 -0.075694 -0.150458
vn 0.985714 -0.075694 -0.150458
vn 0.989421 -0.124819 -0.073934
vn 0.989421 -0.124819 -0.073934
vn 0.989421 -0.124819 -0.073934
vn 0.989421 -0.124819 -0.073934
vn 0.973812 -0.227279 0.005928
vn 0.973812 -0.227279 0.005928
vn 0.973812 -0.227279 0.005928
vn 0.973812 -0.227279 0.005928
vn 0.973878 -0.214301 0.075072
vn 0.973878 -0.214301 0.075072
vn 0.973878 -0.214301 0.075072
vn 0.973878 -0.214301 0.075072
vn 0.992986 -0.117293 -0.014901
vn 0.992986 -0.117293 -0.014901
vn 0.992986 -0.117293 -0.014901
vn 0.992986 -0.117293 -0.014901
vn 0.967759 -0.103718 -0.229533
vn 0.967759 -0.103719 -0.229533
vn 0.967759 -0.103719 -0.229534
vn 0.967759 -0.103718 -0.229533
vn 0.995496 0.001633 0.094785
vn 0.995497 0.001633 0.094785
vn 0.995496 0.001633 0.094785
vn 0.995497 0.001633 0.094785
vn 0.992441 -0.038310 -0.116587
vn 0.992441 -0.038310 -0.116587
vn 0.992441 -0.038310 -0.116587
vn 0.992441 -0.038310 -0.116587
vn 0.939699 -0.132815 0.315161
vn 0.939699 -0.132815 0.315161
vn 0.939699 -0.132815 0.315161
vn 0.939699 -0.132815 0.315161
vn 0.987728 -0.037792 -0.151546
vn 0.987728 -0.037792 -0.151546
vn 0.987728 -0.037792 -0.151546
vn 0.987728 -0.037792 -0.151546
vn 0.996103 0.017694 0.086403
vn 0.996103 0.017694 0.086403
vn 0.996103 0.017694 0.086403
vn 0.996103 0.017694 0.086403
vn 0.993667 0.110873 0.018243
vn 0.993667 0.110873 0.018243
vn 0.993667 0.110873 0.018243
vn 0.993667 0.110873 0.018243
vn 0.987124 0.159345 -0.013952
vn 0.987124 0.159345 -0.013952
vn 0.987124 0.159345 -0.013952
vn 0.987124 0.159345 -0.013952
vn 0.995677 -0.015284 0.091614
vn 0.995677 -0.015284 0.091614
vn 0.995677 -0.015284 0.091614
vn 0.995677 -0.015284 0.091614
vn 0.984806 -0.129685 -0.115494
vn 0.984806 -0.129685 -0.115494
vn 0.984806 -0.129685 -0.115494
vn 0.984806 -0.129685 -0.115494
vn 0.997317 -0.056907 -0.046051
vn 0.997317 -0.056907 -0.046051
vn 0.997317 -0.056907 -0.046051
vn 0.997317 -0.056907 -0.046051
vn 0.998621 0.027774 0.044562
vn 0.998621 0.027774 0.044562
vn 0.998620 0.027774 0.044562
vn 0.998621 0.027774 0.044562
vn 0.999903 -0.004126 0.013282
vn 0.999903 -0.004126 0.013282
vn 0.999903 -0.004126 0.013282
vn 0.999903 -0.004126 0.013282
vn 0.996771 -0.075478 0.027407
vn 0.996771 -0.075478 0.027407
vn 0.996771 -0.075478 0.027407
vn 0.996771 -0.075478 0.027407
vn 0.998997 0.011574 0.043263
vn 0.998997 0.011574 0.043263
vn 0.998997 0.011574 0.043263
vn 0.998997 0.011574 0.043263
vn 0.993115 0.066884 -0.096175
vn 0.993115 0.066884 -0.096175
vn 0.993115 0.066884 -0.096175
vn 0.993115 0.066884 -0.096175
vn 0.998791 -0.031216 -0.037962
vn 0.998791 -0.031216 -0.037962
vn 0.998792 -0.031216 -0.037962
vn 0.998791 -0.031216 -0.037962
vn 0.990747 -0.122622 -0.058177
vn 0.990747 -0.122622 -0.058177
vn 0.990747 -0.122622 -0.058177
vn 0.990747 -0.122622 -0.058177
vn 0.991590 -0.116370 -0.056636
vn 0.991590 -0.116370 -0.056636
vn 0.991590 -0.116370 -0.056636
vn 0.991590 -0.116370 -0.056636
vn 0.983809 -0.053065 0.171187
vn 0.983809 -0.053065 0.171187
vn 0.983809 -0.053065 0.171187
vn 0.983809 -0.053065 0.171187
vn 0.998628 -0.025538 0.045713
vn 0.998628 -0.025538 0.045713
vn 0.998628 -0.025538 0.045713
vn 0.998628 -0.025538 0.045713
vn 0.993467 -0.052965 -0.101080
vn 0.993467 -0.052965 -0.101080
vn 0.993467 -0.052965 -0.101080
vn 0.993468 -0.052965 -0.101080
vn 0.997383 -0.071855 0.008071
vn 0.997382 -0.071855 0.008071
vn 0.997383 -0.071855 0.008071
vn 0.997382 -0.071855 0.008071
vn 0.988464 -0.038979 0.146355
vn 0.988464 -0.038979 0.146355
vn 0.988464 -0.038979 0.146355
vn 0.988464 -0.038979 0.146355
vn 0.999157 0.015797 -0.037890
vn 0.999157 0.015797 -0.037890
vn 0.999157 0.015797 -0.037890
vn 0.999157 0.015797 -0.037890
vn 0.997907 0.048246 0.043059
vn 0.997907 0.048246 0.043059
vn 0.997907 0.048246 0.043059
vn 0.997907 0.048246 0.043059
vn 0.997898 0.049027 0.042377
vn 0.997898 0.049027 0.042377
vn 0.997898 0.049027 0.042377
vn 0.997898 0.049027 0.042377
vn 0.990345 0.079421 -0.113620
vn 0.990345 0.079421 -0.113620
vn 0.990345 0.079421 -0.113620
vn 0.990345 0.079421 -0.113620
vn 0.977118 0.211166 -0.025486
vn 0.977118 0.211165 -0.025486
vn 0.977118 0.211165 -0.025486
vn 0.977118 0.211165 -0.025486
vn 0.946270 0.322506 -0.023736
vn 0.946270 0.322506 -0.023736
vn 0.946270 0.322506 -0.023736
vn 0.946270 0.322506 -0.023736
vn 0.949351 0.300370 0.092254
vn 0.949351 0.300370 0.092254
vn 0.949351 0.300370 0.092254
vn 0.949351 0.300370 0.092254
vn 0.978546 0.201569 -0.042639
vn 0.978546 0.201569 -0.042639
vn 0.978546 0.201569 -0.042639
vn 0.978546 0.201569 -0.042639
vn 0.943964 0.055724 -0.325310
vn 0.943964 0.055723 -0.325310
vn 0.943964 0.055723 -0.325310
vn 0.943964 0.055723 -0.325310
vn 0.972838 -0.014553 0.231029
vn 0.972838 -0.014553 0.231029
vn 0.972838 -0.014553 0.231029
vn 0.972838 -0.014553 0.231029
vn 0.980289 0.139704 -0.139701
vn 0.980289 0.139704 -0.139701
vn 0.980289 0.139704 -0.139701
vn 0.980289 0.139704 -0.139701
vn 0.975709 0.088171 0.200543
vn 0.975709 0.088171 0.200543
vn 0.975709 0.088171 0.200543
vn 0.975709 0.088171 0.200543
vn 0.996671 -0.051974 -0.062811
vn 0.996671 -0.051974 -0.062811
vn 0.996671 -0.051974 -0.062811
vn 0.996671 -0.051974 -0.062811
vn 0.997270 -0.048874 0.055345
vn 0.997270 -0.048874 0.055345
vn 0.997270 -0.048874 0.055345
vn 0.997270 -0.048874 0.055345
vn 0.988009 -0.041374 0.148748
vn 0.988009 -0.041374 0.148748
vn 0.988009 -0.041374 0.148748
vn 0.988009 -0.041374 0.148748
vn 0.999242 0.023562 -0.031003
vn 0.999242 0.023562 -0.031003
vn 0.999242 0.023562 -0.031003
vn 0.999242 0.023562 -0.031003
vn 0.996667 0.080937 -0.010208
vn 0.996667 0.080937 -0.010208
vn 0.996667 0.080937 -0.010208
vn 0.996667 0.080937 -0.010208
vn 0.985577 0.162599 -0.046901
vn 0.985577 0.162599 -0.046901
vn 0.985577 0.162599 -0.046901
vn 0.985577 0.162599 -0.046901
vn 0.983863 0.177047 -0.025840
vn 0.983863 0.177047 -0.025840
vn 0.983863 0.177047 -0.025840
vn 0.983863 0.177047 -0.025840
vn 0.998734 0.029645 -0.040632
vn 0.998734 0.029645 -0.040632
vn 0.998734 0.029645 -0.040632
vn 0.998734 0.029645 -0.040632
vn 0.993251 -0.098292 -0.061573
vn 0.993251 -0.098292 -0.061573
vn 0.993251 -0.098292 -0.061573
vn 0.993251 -0.098292 -0.061573
vn 0.995574 -0.049955 0.079602
vn 0.995574 -0.049955 0.079602
vn 0.995574 -0.049955 0.079602
vn 0.995574 -0.049955 0.079602
vn 0.995553 -0.082773 0.044986
vn 0.995553 -0.082773 0.044986
vn 0.995553 -0.082773 0.044986
vn 0.995553 -0.082773 0.044986
vn 0.990740 -0.113828 -0.074017
vn 0.990739 -0.113828 -0.074017
vn 0.990739 -0.113828 -0.074017
vn 0.990740 -0.113828 -0.074017
vn 0.999460 0.029638 -0.014188
vn 0.999460 0.029638 -0.014188
vn 0.999460 0.029638 -0.014188
vn 0.999460 0.029638 -0.014188
vn 0.985785 0.163621 -0.038169
vn 0.985785 0.163621 -0.038169
vn 0.985785 0.163621 -0.038169
vn 0.985785 0.163621 -0.038169
vn 0.980070 0.195228 -0.036741
vn 0.980069 0.195228 -0.036741
vn 0.980070 0.195228 -0.036741
vn 0.980070 0.195228 -0.036741
vn 0.994704 0.062837 0.081337
vn 0.994704 0.062837 0.081337
vn 0.994704 0.062837 0.081337
vn 0.994704 0.062837 0.081337
vn 0.997166 -0.037957 0.064954
vn 0.997166 -0.037957 0.064954
vn 0.997166 -0.037957 0.064954
vn 0.997166 -0.037957 0.064954
vn 0.995394 0.094581 -0.015691
vn 0.995394 0.094581 -0.015691
vn 0.995394 0.094581 -0.015691
vn 0.995394 0.094581 -0.015691
vn 0.988774 0.141510 -0.047977
vn 0.988774 0.141510 -0.047977
vn 0.988774 0.141510 -0.047977
vn 0.988774 0.141510 -0.047977
vn 0.997501 -0.029935 0.063999
vn 0.997501 -0.029935 0.063999
vn 0.997501 -0.029935 0.063999
vn 0.997501 -0.029935 0.063999
vn 0.992629 -0.120827 0.009443
vn 0.992629 -0.120827 0.009443
vn 0.992629 -0.120827 0.009443
vn 0.992629 -0.120827 0.009443
vn 0.994323 -0.064478 0.084646
vn 0.994323 -0.064478 0.084646
vn 0.994323 -0.064478 0.084646
vn 0.994323 -0.064478 0.084646
vn 0.998199 -0.059661 0.006335
vn 0.998199 -0.059661 0.006335
vn 0.998199 -0.059661 0.006335
vn 0.998199 -0.059661 0.006335
vn 0.983581 -0.133481 -0.121455
vn 0.983581 -0.133481 -0.121455
vn 0.983581 -0.133481 -0.121455
vn 0.983581 -0.133481 -0.121455
vn 0.969811 -0.243844 0.002775
vn 0.969811 -0.243844 0.002775
vn 0.969811 -0.243844 0.002775
vn 0.969811 -0.243844 0.002775
vn 0.948758 -0.315837 -0.010230
vn 0.948758 -0.315837 -0.010230
vn 0.948758 -0.315837 -0.010230
vn 0.948758 -0.315837 -0.010230
vn 0.953136 -0.291302 0.081705
vn 0.953136 -0.291302 0.081705
vn 0.953136 -0.291302 0.081705
vn 0.953136 -0.291302 0.081705
vn 0.992646 -0.108769 0.053130
vn 0.992646 -0.108769 0.053130
vn 0.992646 -0.108769 0.053130
vn 0.992646 -0.108769 0.053130
vn 0.943862 0.167450 -0.284754
vn 0.943862 0.167450 -0.284754
vn 0.943862 0.167450 -0.284754
vn 0.943862 0.167450 -0.284754
vn 0.986906 0.138605 0.082498
vn 0.986906 0.138605 0.082498
vn 0.986906 0.138605 0.082498
vn 0.986906 0.138605 0.082498
vn 0.999524 0.002380 0.030770
vn 0.999524 0.002380 0.030770
vn 0.999524 0.002380 0.030770
vn 0.999524 0.002380 0.030770
vn 0.988891 0.115549 0.093504
vn 0.988891 0.115549 0.093504
vn 0.988891 0.115549 0.093504
vn 0.988891 0.115549 0.093504
vn 0.988983 0.099159 -0.109912
vn 0.988983 0.099159 -0.109912
vn 0.988983 0.099159 -0.109912
vn 0.988983 0.099159 -0.109912
vn 0.999735 0.012706 0.019194
vn 0.999735 0.012706 0.019194
vn 0.999735 0.012706 0.019194
vn 0.999735 0.012706 0.019194
vn 0.984242 -0.001597 0.176820
vn 0.984242 -0.001597 0.176820
vn 0.984242 -0.001597 0.176820
vn 0.984242 -0.001597 0.176820
vn 0.994105 -0.080044 -0.073132
vn 0.994105 -0.080044 -0.073132
vn 0.994105 -0.080044 -0.073132
vn 0.994105 -0.080044 -0.073132
vn 0.992791 -0.079575 0.089638
vn 0.992790 -0.079575 0.089638
vn 0.992790 -0.079575 0.089638
vn 0.992790 -0.079575 0.089638
vn 0.999907 -0.013482 0.002322
vn 0.999907 -0.013482 0.002322
vn 0.999907 -0.013482 0.002322
vn 0.999906 -0.013482 0.002322
vn 0.999287 0.011831 -0.035853
vn 0.999287 0.011831 -0.035853
vn 0.999287 0.011831 -0.035853
vn 0.999287 0.011831 -0.035853
vn 0.987335 0.036281 -0.154448
vn 0.987335 0.036281 -0.154448
vn 0.987335 0.036281 -0.154448
vn 0.987335 0.036281 -0.154448
vn 0.996327 0.079568 -0.031655
vn 0.996327 0.079568 -0.031655
vn 0.996327 0.079568 -0.031655
vn 0.996327 0.079568 -0.031655
vn 0.995462 0.057356 0.075928
vn 0.995462 0.057356 0.075928
vn 0.995462 0.057356 0.075928
vn 0.995462 0.057356 0.075928
vn 0.999477 0.011431 -0.030262
vn 0.999477 0.011431 -0.030262
vn 0.999477 0.011431 -0.030262
vn 0.999477 0.011431 -0.030262
vn 0.999549 0.020013 -0.022400
vn 0.999549 0.020013 -0.022400
vn 0.999549 0.020013 -0.022400
vn 0.999549 0.020013 -0.022400
vn 0.996500 0.022647 0.080473
vn 0.996500 0.022647 0.080473
vn 0.996500 0.022647 0.080473
vn 0.996500 0.022647 0.080473
vn 0.996926 0.064494 0.044487
vn 0.996926 0.064494 0.044487
vn 0.996926 0.064494 0.044487
vn 0.996926 0.064494 0.044487
vn 0.989191 0.146574 -0.004087
vn 0.989191 0.146574 -0.004087
vn 0.989191 0.146574 -0.004087
vn 0.989191 0.146574 -0.004087
vn 0.984304 0.161943 -0.070145
vn 0.984304 0.161943 -0.070145
vn 0.984304 0.161943 -0.070145
vn 0.984304 0.161943 -0.070145
vn 0.997343 0.069453 0.021989
vn 0.997343 0.069453 0.021989
vn 0.997343 0.069453 0.021989
vn 0.997343 0.069453 0.021989
vn 0.996942 -0.076964 0.013532
vn 0.996942 -0.076964 0.013532
vn 0.996942 -0.076964 0.013532
vn 0.996942 -0.076964 0.013532
vn 0.987171 -0.133863 -0.087034
vn 0.987171 -0.133863 -0.087034
vn 0.987171 -0.133863 -0.087034
vn 0.987171 -0.133863 -0.087034
vn 0.997677 -0.068098 -0.001970
vn 0.997677 -0.068098 -0.001970
vn 0.997677 -0.068098 -0.001970
vn 0.997677 -0.068098 -0.001970
vn 0.995740 0.033811 0.085779
vn 0.995740 0.033811 0.085779
vn 0.995740 0.033811 0.085779
vn 0.995740 0.033811 0.085779
vn 0.998508 0.019592 0.050962
vn 0.998508 0.019592 0.050962
vn 0.998508 0.019592 0.050962
vn 0.998508 0.019592 0.050962
vn 0.991528 -0.103786 -0.078112
vn 0.991528 -0.103786 -0.078112
vn 0.991528 -0.103786 -0.078112
vn 0.991527 -0.103786 -0.078112
vn 0.989177 -0.098884 -0.108405
vn 0.989177 -0.098884 -0.108405
vn 0.989177 -0.098884 -0.108405
vn 0.989177 -0.098884 -0.108405
vn 0.999145 -0.012607 -0.039374
vn 0.999145 -0.012607 -0.039374
vn 0.999145 -0.012607 -0.039374
vn 0.999145 -0.012607 -0.039374
vn 0.998535 0.052057 0.014756
vn 0.998535 0.052057 0.014756
vn 0.998535 0.052057 0.014756
vn 0.998535 0.052057 0.014756
vn 0.989200 0.084705 0.119622
vn 0.989200 0.084705 0.119622
vn 0.989200 0.084705 0.119622
vn 0.989200 0.084705 0.119622
vn 0.994558 -0.027564 0.100473
vn 0.994558 -0.027564 0.100472
vn 0.994558 -0.027564 0.100473
vn 0.994558 -0.027564 0.100473
vn 0.944252 -0.215943 -0.248511
vn 0.944252 -0.215943 -0.248511
vn 0.944252 -0.215943 -0.248511
vn 0.944252 -0.215943 -0.248511
vn 0.985494 -0.144701 0.088675
vn 0.985494 -0.144701 0.088675
vn 0.985494 -0.144701 0.088675
vn 0.985494 -0.144701 0.088675
vn 0.999524 -0.002380 0.030770
vn 0.999524 -0.002380 0.030770
vn 0.999524 -0.002380 0.030770
vn 0.999524 -0.002380 0.030770
vn 0.988044 -0.073168 0.135706
vn 0.988044 -0.073168 0.135706
vn 0.988044 -0.073168 0.135706
vn 0.988044 -0.073168 0.135706
vn 0.986769 -0.056710 -0.151893
vn 0.986769 -0.056710 -0.151893
vn 0.986769 -0.056710 -0.151893
vn 0.986769 -0.056710 -0.151893
vn 0.997982 0.026061 0.057904
vn 0.997982 0.026061 0.057904
vn 0.997982 0.026061 0.057904
vn 0.997982 0.026061 0.057904
vn 0.986521 0.055061 0.154090
vn 0.986521 0.055061 0.154090
vn 0.986521 0.055061 0.154090
vn 0.986521 0.055061 0.154090
vn 0.990199 0.054347 -0.128659
vn 0.990199 0.054347 -0.128659
vn 0.990199 0.054347 -0.128659
vn 0.990199 0.054347 -0.128659
vn 0.997724 -0.033298 0.058630
vn 0.997724 -0.033298 0.058630
vn 0.997724 -0.033298 0.058630
vn 0.997724 -0.033298 0.058630
vn 0.991504 -0.130049 0.002706
vn 0.991504 -0.130049 0.002706
vn 0.991504 -0.130049 0.002706
vn 0.991504 -0.130049 0.002706
vn 0.993694 -0.111867 0.007574
vn 0.993694 -0.111867 0.007574
vn 0.993694 -0.111867 0.007574
vn 0.993694 -0.111867 0.007574
vn 0.997025 0.075873 0.013613
vn 0.997025 0.075873 0.013613
vn 0.997025 0.075873 0.013613
vn 0.997025 0.075873 0.013613
vn 0.986070 0.136454 -0.095114
vn 0.986070 0.136454 -0.095114
vn 0.986070 0.136454 -0.095114
vn 0.986070 0.136454 -0.095114
vn 0.998195 -0.031499 -0.051129
vn 0.998195 -0.031499 -0.051129
vn 0.998195 -0.031499 -0.051129
vn 0.998195 -0.031499 -0.051129
vn 0.988874 -0.137774 -0.056098
vn 0.988874 -0.137774 -0.056098
vn 0.988874 -0.137774 -0.056098
vn 0.988874 -0.137774 -0.056098
vn 0.990095 -0.140010 0.010433
vn 0.990095 -0.140010 0.010433
vn 0.990095 -0.140010 0.010433
vn 0.990095 -0.140010 0.010433
vn 0.990847 -0.103493 0.086673
vn 0.990847 -0.103493 0.086673
vn 0.990847 -0.103493 0.086673
vn 0.990847 -0.103493 0.086673
vn 0.969682 -0.237259 -0.058524
vn 0.969682 -0.237259 -0.058524
vn 0.969682 -0.237259 -0.058524
vn 0.969682 -0.237259 -0.058524
vn 0.955551 -0.243034 0.166903
vn 0.955551 -0.243034 0.166903
vn 0.955551 -0.243034 0.166903
vn 0.955551 -0.243034 0.166903
vn 0.999838 -0.017778 0.002845
vn 0.999838 -0.017778 0.002845
vn 0.999838 -0.017778 0.002845
vn 0.999838 -0.017778 0.002845
vn 0.995851 0.066194 -0.062439
vn 0.995851 0.066194 -0.062439
vn 0.995851 0.066194 -0.062439
vn 0.995851 0.066194 -0.062439
vn 0.996198 0.079948 -0.034602
vn 0.996198 0.079948 -0.034602
vn 0.996198 0.079948 -0.034602
vn 0.996198 0.079948 -0.034602
vn 0.988411 0.149363 -0.027085
vn 0.988411 0.149363 -0.027085
vn 0.988411 0.149363 -0.027085
vn 0.988411 0.149363 -0.027085
vn 0.991479 0.129286 -0.015971
vn 0.991479 0.129286 -0.015971
vn 0.991479 0.129286 -0.015971
vn 0.991479 0.129286 -0.015971
vn 0.993200 0.038325 0.109930
vn 0.993200 0.038325 0.109930
vn 0.993200 0.038325 0.109930
vn 0.993200 0.038325 0.109930
vn 0.999238 -0.011048 -0.037449
vn 0.999237 -0.011048 -0.037449
vn 0.999238 -0.011048 -0.037449
vn 0.999238 -0.011048 -0.037449
vn 0.995970 0.014596 -0.088488
vn 0.995970 0.014596 -0.088488
vn 0.995970 0.014596 -0.088488
vn 0.995970 0.014596 -0.088488
vn 0.996987 0.049048 -0.060094
vn 0.996987 0.049048 -0.060094
vn 0.996987 0.049048 -0.060094
vn 0.996987 0.049048 -0.060094
vn 0.999233 0.036585 -0.013947
vn 0.999233 0.036585 -0.013947
vn 0.999233 0.036585 -0.013947
vn 0.999233 0.036585 -0.013947
vn 0.998657 0.026858 0.044300
vn 0.998657 0.026858 0.044300
vn 0.998657 0.026858 0.044300
vn 0.998657 0.026858 0.044300
vn 0.996650 -0.017797 0.079824
vn 0.996650 -0.017797 0.079824
vn 0.996650 -0.017797 0.079824
vn 0.996650 -0.017797 0.079824
vn 0.998982 -0.001230 0.045093
vn 0.998982 -0.001230 0.045093
vn 0.998982 -0.001230 0.045093
vn 0.998982 -0.001230 0.045093
vn 0.960729 0.179205 -0.211860
vn 0.960729 0.179205 -0.211860
vn 0.960729 0.179205 -0.211860
vn 0.960729 0.179205 -0.211860
vn 0.985777 0.143694 0.087156
vn 0.985777 0.143694 0.087156
vn 0.985777 0.143694 0.087156
vn 0.985777 0.143694 0.087156
vn 0.998303 0.022661 0.053640
vn 0.998303 0.022661 0.053640
vn 0.998303 0.022661 0.053640
vn 0.998303 0.022661 0.053640
vn 0.985332 0.110394 0.130130
vn 0.985332 0.110394 0.130130
vn 0.985332 0.110394 0.130130
vn 0.985332 0.110394 0.130130
vn 0.983210 0.072582 -0.167420
vn 0.983210 0.072582 -0.167420
vn 0.983210 0.072582 -0.167420
vn 0.983210 0.072582 -0.167420
vn 0.984089 0.077223 0.160018
vn 0.984089 0.077223 0.160018
vn 0.984089 0.077223 0.160018
vn 0.984089 0.077223 0.160018
vn 0.991316 0.091569 0.094382
vn 0.991316 0.091569 0.094382
vn 0.991316 0.091569 0.094382
vn 0.991316 0.091569 0.094382
vn 0.993477 0.083066 -0.078121
vn 0.993477 0.083066 -0.078121
vn 0.993477 0.083066 -0.078121
vn 0.993477 0.083066 -0.078121
vn 0.991318 0.126252 -0.036726
vn 0.991318 0.126252 -0.036726
vn 0.991318 0.126252 -0.036726
vn 0.991318 0.126252 -0.036726
vn 0.992978 0.118048 -0.007670
vn 0.992978 0.118048 -0.007670
vn 0.992978 0.118048 -0.007670
vn 0.992978 0.118048 -0.007670
vn 0.993227 0.112128 0.030465
vn 0.993227 0.112128 0.030465
vn 0.993227 0.112128 0.030465
vn 0.993227 0.112128 0.030465
vn 0.997873 -0.001071 0.065174
vn 0.997873 -0.001071 0.065174
vn 0.997873 -0.001071 0.065174
vn 0.997873 -0.001071 0.065174
vn 0.996214 -0.002463 -0.086904
vn 0.996214 -0.002463 -0.086904
vn 0.996214 -0.002463 -0.086904
vn 0.996214 -0.002463 -0.086904
vn 0.987126 0.124238 -0.100736
vn 0.987126 0.124238 -0.100736
vn 0.987126 0.124238 -0.100736
vn 0.987126 0.124238 -0.100736
vn 0.981933 0.181426 -0.053772
vn 0.981933 0.181426 -0.053772
vn 0.981933 0.181426 -0.053772
vn 0.981933 0.181426 -0.053772
vn 0.979069 0.201710 0.027161
vn 0.979069 0.201710 0.027161
vn 0.979069 0.201710 0.027161
vn 0.979069 0.201710 0.027161
vn 0.993595 0.112135 0.013975
vn 0.993595 0.112135 0.013975
vn 0.993595 0.112135 0.013975
vn 0.993595 0.112135 0.013975
vn 0.977850 0.027178 -0.207537
vn 0.977850 0.027178 -0.207537
vn 0.977850 0.027178 -0.207537
vn 0.977850 0.027178 -0.207537
vn 0.979446 -0.158866 0.124286
vn 0.979446 -0.158866 0.124286
vn 0.979446 -0.158866 0.124286
vn 0.979446 -0.158866 0.124286
vn 0.940240 -0.326775 0.095746
vn 0.940240 -0.326775 0.095746
vn 0.940240 -0.326775 0.095746
vn 0.940240 -0.326775 0.095746
vn 0.966102 -0.258145 0.002811
vn 0.966102 -0.258145 0.002811
vn 0.966102 -0.258145 0.002811
vn 0.966102 -0.258145 0.002811
vn 0.989534 -0.138605 0.040146
vn 0.989534 -0.138605 0.040146
vn 0.989534 -0.138605 0.040146
vn 0.989534 -0.138605 0.040146
vn 0.988889 -0.143988 -0.036965
vn 0.988889 -0.143988 -0.036965
vn 0.988889 -0.143988 -0.036965
vn 0.988889 -0.143988 -0.036965
vn 0.969270 -0.221704 -0.106596
vn 0.969270 -0.221704 -0.106596
vn 0.969270 -0.221704 -0.106596
vn 0.969270 -0.221704 -0.106596
vn 0.965941 -0.244164 0.085680
vn 0.965941 -0.244164 0.085680
vn 0.965941 -0.244164 0.085680
vn 0.965941 -0.244164 0.085680
vn 0.990754 -0.116689 0.069209
vn 0.990754 -0.116689 0.069209
vn 0.990754 -0.116689 0.069209
vn 0.990754 -0.116689 0.069209
vn 0.998316 0.057776 0.005176
vn 0.998316 0.057776 0.005176
vn 0.998316 0.057776 0.005176
vn 0.998316 0.057776 0.005176
vn 0.990754 0.049789 -0.126207
vn 0.990754 0.049789 -0.126207
vn 0.990754 0.049789 -0.126207
vn 0.990754 0.049789 -0.126207
vn 0.998183 -0.037494 -0.047160
vn 0.998183 -0.037494 -0.047160
vn 0.998183 -0.037494 -0.047160
vn 0.998183 -0.037494 -0.047160
vn 0.992938 -0.117901 -0.013155
vn 0.992938 -0.117901 -0.013155
vn 0.992938 -0.117901 -0.013155
vn 0.992938 -0.117901 -0.013155
vn 0.983828 -0.176226 0.032040
vn 0.983828 -0.176226 0.032040
vn 0.983828 -0.176226 0.032040
vn 0.983828 -0.176226 0.032040
vn 0.970190 -0.238863 0.040952
vn 0.970190 -0.238863 0.040952
vn 0.970190 -0.238863 0.040952
vn 0.970190 -0.238863 0.040952
vn 0.967553 -0.249463 -0.040110
vn 0.967553 -0.249463 -0.040110
vn 0.967553 -0.249463 -0.040110
vn 0.967553 -0.249463 -0.040110
vn 0.984891 -0.167702 -0.043193
vn 0.984891 -0.167702 -0.043193
vn 0.984891 -0.167702 -0.043193
vn 0.984891 -0.167702 -0.043193
vn 0.985536 -0.148894 0.080934
vn 0.985536 -0.148894 0.080934
vn 0.985536 -0.148894 0.080934
vn 0.985536 -0.148894 0.080934
vn 0.971283 -0.147595 0.186616
vn 0.971283 -0.147595 0.186616
vn 0.971283 -0.147595 0.186616
vn 0.971283 -0.147595 0.186616
vn 0.982192 -0.062615 -0.177140
vn 0.982192 -0.062615 -0.177140
vn 0.982192 -0.062615 -0.177140
vn 0.982192 -0.062615 -0.177140
vn 0.978947 -0.034890 0.201111
vn 0.978947 -0.034890 0.201111
vn 0.978947 -0.034890 0.201111
vn 0.978947 -0.034890 0.201111
vn 0.995371 -0.095952 0.005493
vn 0.995371 -0.095952 0.005493
vn 0.995371 -0.095952 0.005493
vn 0.995371 -0.095952 0.005493
vn 0.994503 -0.104513 -0.006362
vn 0.994503 -0.104513 -0.006362
vn 0.994503 -0.104513 -0.006362
vn 0.994503 -0.104513 -0.006362
vn 0.999119 -0.041902 -0.002384
vn 0.999119 -0.041902 -0.002384
vn 0.999119 -0.041902 -0.002384
vn 0.999119 -0.041902 -0.002384
vn 0.997157 -0.048645 -0.057541
vn 0.997157 -0.048645 -0.057541
vn 0.997157 -0.048645 -0.057541
vn 0.997157 -0.048645 -0.057541
vn 0.994272 -0.105471 0.017269
vn 0.994272 -0.105471 0.017269
vn 0.994272 -0.105471 0.017269
vn 0.994272 -0.105471 0.017269
vn 0.997789 -0.004245 0.066328
vn 0.997789 -0.004245 0.066328
vn 0.997789 -0.004245 0.066328
vn 0.997789 -0.004245 0.066328
vn 0.998076 0.032705 -0.052670
vn 0.998076 0.032705 -0.052670
vn 0.998076 0.032705 -0.052670
vn 0.998076 0.032705 -0.052670
vn 0.998705 -0.009149 -0.050046
vn 0.998705 -0.009149 -0.050046
vn 0.998705 -0.009149 -0.050046
vn 0.998705 -0.009149 -0.050046
vn 0.999380 0.003594 -0.035017
vn 0.999380 0.003594 -0.035017
vn 0.999380 0.003594 -0.035017
vn 0.999380 0.003594 -0.035017
vn 0.999833 -0.011294 0.014384
vn 0.999833 -0.011294 0.014384
vn 0.999833 -0.011294 0.014384
vn 0.999833 -0.011294 0.014384
vn 0.999003 0.043215 -0.011180
vn 0.999003 0.043215 -0.011180
vn 0.999003 0.043215 -0.011180
vn 0.999003 0.043215 -0.011180
vn 0.976029 0.156539 -0.151206
vn 0.976029 0.156539 -0.151206
vn 0.976029 0.156539 -0.151206
vn 0.976029 0.156539 -0.151206
vn 0.980347 0.114962 -0.160321
vn 0.980347 0.114962 -0.160321
vn 0.980347 0.114962 -0.160321
vn 0.980347 0.114962 -0.160321
vn 0.997170 -0.015924 0.073471
vn 0.997170 -0.015924 0.073471
vn 0.997170 -0.015924 0.073471
vn 0.997170 -0.015924 0.073471
vn 0.995470 -0.041034 0.085762
vn 0.995470 -0.041034 0.085762
vn 0.995470 -0.041034 0.085762
vn 0.995470 -0.041034 0.085762
vn 0.991576 0.004818 0.129439
vn 0.991576 0.004818 0.129439
vn 0.991576 0.004818 0.129439
vn 0.991576 0.004818 0.129439
vn 0.994397 0.098441 -0.038528
vn 0.994397 0.098441 -0.038528
vn 0.994397 0.098441 -0.038528
vn 0.994397 0.098441 -0.038528
vn 0.973848 0.217521 -0.065610
vn 0.973848 0.217521 -0.065610
vn 0.973848 0.217521 -0.065610
vn 0.973848 0.217521 -0.065610
vn 0.980666 0.195679 -0.001735
vn 0.980666 0.195679 -0.001735
vn 0.980667 0.195679 -0.001735
vn 0.980667 0.195679 -0.001735
vn 0.997508 -0.033409 0.062136
vn 0.997508 -0.033409 0.062136
vn 0.997508 -0.033409 0.062136
vn 0.997508 -0.033409 0.062136
vn 0.974305 -0.225058 -0.008867
vn 0.974305 -0.225058 -0.008867
vn 0.974305 -0.225058 -0.008867
vn 0.974305 -0.225058 -0.008867
vn 0.993568 -0.113176 -0.003613
vn 0.993568 -0.113176 -0.003613
vn 0.993568 -0.113176 -0.003613
vn 0.993568 -0.113176 -0.003613
vn 0.990688 0.135942 -0.007610
vn 0.990688 0.135942 -0.007610
vn 0.990688 0.135942 -0.007610
vn 0.990688 0.135942 -0.007610
vn 0.981489 0.158100 -0.108089
vn 0.981489 0.158100 -0.108089
vn 0.981489 0.158100 -0.108089
vn 0.981489 0.158100 -0.108089
vn 0.997803 0.036566 -0.055251
vn 0.997803 0.036566 -0.055251
vn 0.997803 0.036566 -0.055251
vn 0.997803 0.036566 -0.055251
vn 0.998733 -0.046244 -0.019855
vn 0.998733 -0.046244 -0.019855
vn 0.998733 -0.046244 -0.019855
vn 0.998733 -0.046244 -0.019855
vn 0.996179 -0.082821 -0.027720
vn 0.996179 -0.082821 -0.027720
vn 0.996179 -0.082821 -0.027720
vn 0.996179 -0.082821 -0.027720
vn 0.990729 0.021914 0.134075
vn 0.990729 0.021914 0.134075
vn 0.990729 0.021914 0.134075
vn 0.990729 0.021914 0.134075
vn 0.997237 0.066411 -0.033298
vn 0.997237 0.066411 -0.033298
vn 0.997237 0.066411 -0.033298
vn 0.997237 0.066411 -0.033298
vn 0.975351 -0.014041 0.220213
vn 0.975351 -0.014041 0.220213
vn 0.975351 -0.014041 0.220213
vn 0.975351 -0.014041 0.220213
vn 0.993562 -0.002588 -0.113264
vn 0.993562 -0.002588 -0.113264
vn 0.993562 -0.002588 -0.113264
vn 0.993562 -0.002588 -0.113264
vn 0.990156 -0.031826 0.136300
vn 0.990156 -0.031826 0.136300
vn 0.990156 -0.031826 0.136300
vn 0.990156 -0.031826 0.136299
vn 0.997545 -0.066511 -0.021936
vn 0.997545 -0.066511 -0.021936
vn 0.997545 -0.066511 -0.021936
vn 0.997545 -0.066511 -0.021936
vn 0.998266 -0.052667 0.026289
vn 0.998266 -0.052667 0.026289
vn 0.998266 -0.052667 0.026289
vn 0.998266 -0.052667 0.026289
vn 0.998242 -0.028893 0.051758
vn 0.998242 -0.028893 0.051758
vn 0.998242 -0.028893 0.051758
vn 0.998242 -0.028893 0.051758
vn 0.997395 0.020417 -0.069189
vn 0.997395 0.020417 -0.069189
vn 0.997395 0.020417 -0.069189
vn 0.997395 0.020417 -0.069189
vn 0.998333 0.057099 0.008449
vn 0.998333 0.057099 0.008449
vn 0.998333 0.057099 0.008449
vn 0.998333 0.057099 0.008449
vn 0.996377 -0.053335 0.066240
vn 0.996377 -0.053335 0.066240
vn 0.996377 -0.053335 0.066240
vn 0.996377 -0.053335 0.066240
vn 0.992182 -0.104975 -0.067498
vn 0.992182 -0.104975 -0.067498
vn 0.992182 -0.104975 -0.067498
vn 0.992182 -0.104975 -0.067498
vn 0.997678 0.031454 0.060406
vn 0.997678 0.031454 0.060406
vn 0.997678 0.031454 0.060406
vn 0.997678 0.031454 0.060406
vn 0.992918 0.101404 -0.061898
vn 0.992918 0.101404 -0.061898
vn 0.992918 0.101404 -0.061898
vn 0.992918 0.101404 -0.061898
vn 0.998572 0.041089 -0.034135
vn 0.998572 0.041089 -0.034135
vn 0.998572 0.041089 -0.034135
vn 0.998572 0.041089 -0.034135
vn 0.997974 -0.062510 -0.011827
vn 0.997974 -0.062510 -0.011827
vn 0.997974 -0.062510 -0.011827
vn 0.997974 -0.062510 -0.011827
vn 0.999836 -0.013761 0.011738
vn 0.999837 -0.013761 0.011738
vn 0.999836 -0.013761 0.011738
vn 0.999836 -0.013761 0.011738
vn 0.969166 0.172652 -0.175810
vn 0.969166 0.172652 -0.175810
vn 0.969166 0.172652 -0.175810
vn 0.969166 0.172652 -0.175810
vn 0.966577 0.253134 0.040649
vn 0.966577 0.253134 0.040649
vn 0.966577 0.253134 0.040649
vn 0.966577 0.253134 0.040649
vn 0.989644 0.141067 -0.026540
vn 0.989644 0.141067 -0.026540
vn 0.989644 0.141067 -0.026540
vn 0.989644 0.141067 -0.026540
vn 0.975592 0.065985 0.209442
vn 0.975592 0.065985 0.209442
vn 0.975592 0.065985 0.209442
vn 0.975592 0.065985 0.209442
vn 0.997665 0.052609 -0.043553
vn 0.997665 0.052609 -0.043553
vn 0.997665 0.052609 -0.043553
vn 0.997665 0.052609 -0.043553
vn 0.997845 0.041592 0.050745
vn 0.997845 0.041592 0.050745
vn 0.997845 0.041592 0.050745
vn 0.997845 0.041592 0.050745
vn 0.990887 0.066917 -0.116895
vn 0.990887 0.066917 -0.116895
vn 0.990887 0.066917 -0.116895
vn 0.990887 0.066917 -0.116895
vn 0.995793 0.038328 -0.083227
vn 0.995793 0.038328 -0.083227
vn 0.995793 0.038328 -0.083227
vn 0.995793 0.038328 -0.083227
vn 0.997371 0.036174 -0.062785
vn 0.997371 0.036174 -0.062785
vn 0.997371 0.036174 -0.062785
vn 0.997371 0.036174 -0.062785
vn 0.981591 0.054455 0.183071
vn 0.981591 0.054455 0.183071
vn 0.981591 0.054455 0.183071
vn 0.981590 0.054455 0.183071
vn 0.997410 0.051930 0.049765
vn 0.997410 0.051930 0.049765
vn 0.997410 0.051930 0.049765
vn 0.997410 0.051930 0.049765
vn 0.986678 0.034261 -0.159036
vn 0.986678 0.034261 -0.159036
vn 0.986678 0.034261 -0.159036
vn 0.986678 0.034261 -0.159036
vn 0.990572 0.027792 -0.134144
vn 0.990572 0.027792 -0.134144
vn 0.990572 0.027792 -0.134144
vn 0.990572 0.027792 -0.134144
vn 0.999348 0.027883 -0.022922
vn 0.999348 0.027883 -0.022922
vn 0.999348 0.027883 -0.022922
vn 0.999348 0.027883 -0.022922
vn 0.997915 0.054084 -0.035235
vn 0.997915 0.054084 -0.035235
vn 0.997915 0.054084 -0.035235
vn 0.997915 0.054084 -0.035235
vn 0.990448 -0.079035 0.112985
vn 0.990448 -0.079035 0.112985
vn 0.990448 -0.079035 0.112985
vn 0.990448 -0.079035 0.112985
vn 0.991457 -0.129187 -0.018007
vn 0.991457 -0.129187 -0.018007
vn 0.991457 -0.129187 -0.018007
vn 0.991457 -0.129187 -0.018007
vn 0.976979 -0.045439 0.208439
vn 0.976979 -0.045439 0.208439
vn 0.976979 -0.045439 0.208439
vn 0.976979 -0.045439 0.208439
vn 0.996449 -0.033941 -0.077057
vn 0.996449 -0.033941 -0.077057
vn 0.996449 -0.033941 -0.077057
vn 0.996449 -0.033941 -0.077057
vn 0.997228 -0.052610 0.052611
vn 0.997228 -0.052610 0.052611
vn 0.997228 -0.052610 0.052611
vn 0.997228 -0.052610 0.052611
vn 0.995600 -0.092915 -0.012138
vn 0.995600 -0.092915 -0.012138
vn 0.995600 -0.092915 -0.012138
vn 0.995600 -0.092915 -0.012138
vn 0.994569 -0.101900 0.021206
vn 0.994569 -0.101900 0.021206
vn 0.994569 -0.101900 0.021206
vn 0.994569 -0.101900 0.021206
vn 0.988005 -0.151614 0.029323
vn 0.988005 -0.151614 0.029323
vn 0.988005 -0.151614 0.029323
vn 0.988005 -0.151614 0.029323
vn 0.985863 -0.167007 -0.013539
vn 0.985863 -0.167007 -0.013539
vn 0.985863 -0.167007 -0.013539
vn 0.985863 -0.167007 -0.013539
vn 0.987851 -0.155399 0.001621
vn 0.987850 -0.155399 0.001621
vn 0.987850 -0.155399 0.001621
vn 0.987850 -0.155399 0.001621
vn 0.990235 -0.138058 -0.019339
vn 0.990235 -0.138058 -0.019339
vn 0.990235 -0.138058 -0.019339
vn 0.990235 -0.138058 -0.019339
vn 0.993704 -0.111801 -0.007333
vn 0.993704 -0.111801 -0.007333
vn 0.993704 -0.111801 -0.007333
vn 0.993704 -0.111801 -0.007333
vn 0.982135 -0.174264 0.071010
vn 0.982135 -0.174264 0.071010
vn 0.982135 -0.174264 0.071010
vn 0.982135 -0.174264 0.071010
vn 0.977618 -0.207097 -0.037052
vn 0.977619 -0.207097 -0.037052
vn 0.977619 -0.207097 -0.037052
vn 0.977619 -0.207097 -0.037052
vn 0.990448 -0.131814 -0.040461
vn 0.990448 -0.131814 -0.040461
vn 0.990448 -0.131814 -0.040461
vn 0.990448 -0.131814 -0.040461
vn 0.997735 -0.058045 -0.033982
vn 0.997735 -0.058045 -0.033982
vn 0.997735 -0.058045 -0.033982
vn 0.997736 -0.058045 -0.033982
vn 0.994923 -0.082139 0.058142
vn 0.994924 -0.082139 0.058142
vn 0.994924 -0.082139 0.058142
vn 0.994924 -0.082139 0.058142
vn 0.994538 -0.093168 -0.047059
vn 0.994538 -0.093168 -0.047059
vn 0.994538 -0.093168 -0.047059
vn 0.994538 -0.093168 -0.047059
vn 0.997648 -0.065721 0.019468
vn 0.997648 -0.065721 0.019468
vn 0.997648 -0.065721 0.019468
vn 0.997648 -0.065721 0.019468
vn 0.990203 0.123095 0.065915
vn 0.990203 0.123095 0.065915
vn 0.990203 0.123095 0.065915
vn 0.990203 0.123095 0.065915
vn 0.997657 0.067676 -0.010065
vn 0.997657 0.067676 -0.010065
vn 0.997657 0.067676 -0.010065
vn 0.997657 0.067676 -0.010065
vn 0.987966 -0.146577 -0.049383
vn 0.987966 -0.146577 -0.049383
vn 0.987966 -0.146577 -0.049383
vn 0.987966 -0.146577 -0.049383
vn 0.988331 -0.144728 0.047499
vn 0.988331 -0.144728 0.047499
vn 0.988331 -0.144728 0.047499
vn 0.988331 -0.144728 0.047499
vn 0.989883 -0.124532 -0.067997
vn 0.989883 -0.124532 -0.067997
vn 0.989883 -0.124532 -0.067997
vn 0.989883 -0.124532 -0.067997
vn 0.998861 -0.010496 -0.046551
vn 0.998861 -0.010496 -0.046551
vn 0.998861 -0.010496 -0.046551
vn 0.998861 -0.010496 -0.046551
vn 0.997584 0.063712 -0.027704
vn 0.997584 0.063712 -0.027704
vn 0.997584 0.063712 -0.027704
vn 0.997584 0.063712 -0.027704
vn 0.995093 -0.007476 0.098666
vn 0.995093 -0.007476 0.098666
vn 0.995093 -0.007476 0.098666
vn 0.995093 -0.007476 0.098666
vn 0.992252 -0.123046 0.017207
vn 0.992252 -0.123046 0.017207
vn 0.992252 -0.123046 0.017207
vn 0.992252 -0.123046 0.017207
vn 0.994923 -0.059390 -0.081242
vn 0.994923 -0.059390 -0.081243
vn 0.994923 -0.059390 -0.081243
vn 0.994923 -0.059390 -0.081243
vn 0.993391 0.091335 -0.069515
vn 0.993391 0.091335 -0.069515
vn 0.993391 0.091335 -0.069515
vn 0.993391 0.091335 -0.069515
vn 0.985619 0.168737 -0.009145
vn 0.985619 0.168737 -0.009145
vn 0.985619 0.168737 -0.009145
vn 0.985619 0.168737 -0.009145
vn 0.982909 0.183974 -0.006583
vn 0.982909 0.183974 -0.006583
vn 0.982909 0.183974 -0.006583
vn 0.982909 0.183974 -0.006583
vn 0.977497 0.209955 -0.020446
vn 0.977497 0.209955 -0.020446
vn 0.977497 0.209955 -0.020446
vn 0.977497 0.209955 -0.020446
vn 0.981147 0.188463 0.042799
vn 0.981147 0.188463 0.042799
vn 0.981147 0.188463 0.042799
vn 0.981147 0.188463 0.042799
vn 0.994075 0.052285 0.095297
vn 0.994075 0.052285 0.095297
vn 0.994075 0.052285 0.095297
vn 0.994075 0.052285 0.095297
vn 0.999532 -0.021626 -0.021624
vn 0.999532 -0.021626 -0.021624
vn 0.999532 -0.021626 -0.021624
vn 0.999532 -0.021626 -0.021624
s off
g ModularWallLoPoly:Group5986
usemtl ModularWallLoPoly:defaultMat
f 1/1/1 34/2/2 35/3/3 2/4/4
f 2/4/5 35/3/6 36/5/7 3/6/8
f 3/6/9 36/5/10 37/7/11 4/8/12
f 4/8/13 37/7/14 38/9/15 5/10/16
f 5/10/17 38/9/18 39/11/19 6/12/20
f 6/12/21 39/11/22 40/13/23 7/14/24
f 7/14/25 40/13/26 41/15/27 8/16/28
f 8/16/29 41/15/30 42/17/31 9/18/32
f 9/18/33 42/17/34 43/19/35 10/20/36
f 10/20/37 43/19/38 44/21/39 11/22/40
f 11/22/41 44/21/42 45/23/43 12/24/44
f 12/24/45 45/23/46 46/25/47 13/26/48
f 13/26/49 46/25/50 47/27/51 14/28/52
f 14/28/53 47/27/54 48/29/55 15/30/56
f 15/30/57 48/29/58 49/31/59 16/32/60
f 16/32/61 49/31/62 50/33/63 17/34/64
f 17/34/65 50/33/66 51/35/67 18/36/68
f 18/36/69 51/35/70 52/37/71 19/38/72
f 19/38/73 52/37/74 53/39/75 20/40/76
f 20/40/77 53/39/78 54/41/79 21/42/80
f 21/42/81 54/41/82 55/43/83 22/44/84
f 22/44/85 55/43/86 56/45/87 23/46/88
f 23/46/89 56/45/90 57/47/91 24/48/92
f 24/48/93 57/47/94 58/49/95 25/50/96
f 25/50/97 58/49/98 59/51/99 26/52/100
f 26/52/101 59/51/102 60/53/103 27/54/104
f 27/54/105 60/53/106 61/55/107 28/56/108
f 28/56/109 61/55/110 62/57/111 29/58/112
f 29/58/113 62/57/114 63/59/115 30/60/116
f 30/60/117 63/59/118 64/61/119 31/62/120
f 31/62/121 64/61/122 65/63/123 32/64/124
f 32/64/125 65/63/126 66/65/127 33/66/128
f 34/2/129 67/67/130 68/68/131 35/3/132
f 35/3/133 68/68/134 69/69/135 36/5/136
f 36/5/137 69/69/138 70/70/139 37/7/140
f 37/7/141 70/70/142 71/71/143 38/9/144
f 38/9/145 71/71/146 72/72/147 39/11/148
f 39/11/149 72/72/150 73/73/151 40/13/152
f 40/13/153 73/73/154 74/74/155 41/15/156
f 41/15/157 74/74/158 75/75/159 42/17/160
f 42/17/161 75/75/162 76/76/163 43/19/164
f 43/19/165 76/76/166 77/77/167 44/21/168
f 44/21/169 77/77/170 78/78/171 45/23/172
f 45/23/173 78/78/174 79/79/175 46/25/176
f 46/25/177 79/79/178 80/80/179 47/27/180
f 47/27/181 80/80/182 81/81/183 48/29/184
f 48/29/185 81/81/186 82/82/187 49/31/188
f 49/31/189 82/82/190 83/83/191 50/33/192
f 50/33/193 83/83/194 84/84/195 51/35/196
f 51/35/197 84/84/198 85/85/199 52/37/200
f 52/37/201 85/85/202 86/86/203 53/39/204
f 53/39/205 86/86/206 87/87/207 54/41/208
f 54/41/209 87/87/210 88/88/211 55/43/212
f 55/43/213 88/88/214 89/89/215 56/45/216
f 56/45/217 89/89/218 90/90/219 57/47/220
f 57/47/221 90/90/222 91/91/223 58/49/224
f 58/49/225 91/91/226 92/92/227 59/51/228
f 59/51/229 92/92/230 93/93/231 60/53/232
f 60/53/233 93/93/234 94/94/235 61/55/236
f 61/55/237 94/94/238 95/95/239 62/57/240
f 62/57/241 95/95/242 96/96/243 63/59/244
f 63/59/245 96/96/246 97/97/247 64/61/248
f 64/61/249 97/97/250 98/98/251 65/63/252
f 65/63/253 98/98/254 99/99/255 66/65/256
f 67/67/257 100/100/258 101/101/259 68/68/260
f 68/68/261 101/101/262 102/102/263 69/69/264
f 69/69/265 102/102/266 103/103/267 70/70/268
f 70/70/269 103/103/270 104/104/271 71/71/272
f 71/71/273 104/104/274 105/105/275 72/72/276
f 72/72/277 105/105/278 106/106/279 73/73/280
f 73/73/281 106/106/282 107/107/283 74/74/284
f 74/74/285 107/107/286 108/108/287 75/75/288
f 75/75/289 108/108/290 109/109/291 76/76/292
f 76/76/293 109/109/294 110/110/295 77/77/296
f 77/77/297 110/110/298 111/111/299 78/78/300
f 78/78/301 111/111/302 112/112/303 79/79/304
f 79/79/305 112/112/306 113/113/307 80/80/308
f 80/80/309 113/113/310 114/114/311 81/81/312
f 81/81/313 114/114/314 115/115/315 82/82/316
f 82/82/317 115/115/318 116/116/319 83/83/320
f 83/83/321 116/116/322 117/117/323 84/84/324
f 84/84/325 117/117/326 118/118/327 85/85/328
f 85/85/329 118/118/330 119/119/331 86/86/332
f 86/86/333 119/119/334 120/120/335 87/87/336
f 87/87/337 120/120/338 121/121/339 88/88/340
f 88/88/341 121/121/342 122/122/343 89/89/344
f 89/89/345 122/122/346 123/123/347 90/90/348
f 90/90/349 123/123/350 124/124/351 91/91/352
f 91/91/353 124/124/354 125/125/355 92/92/356
f 92/92/357 125/125/358 126/126/359 93/93/360
f 93/93/361 126/126/362 127/127/363 94/94/364
f 94/94/365 127/127/366 128/128/367 95/95/368
f 95/95/369 128/128/370 129/129/371 96/96/372
f 96/96/373 129/129/374 130/130/375 97/97/376
f 97/97/377 130/130/378 131/131/379 98/98/380
f 98/98/381 131/131/382 132/132/383 99/99/384
f 100/100/385 133/133/386 134/134/387 101/101/388
f 101/101/389 134/134/390 135/135/391 102/102/392
f 102/102/393 135/135/394 136/136/395 103/103/396
f 103/103/397 136/136/398 137/137/399 104/104/400
f 104/104/401 137/137/402 138/138/403 105/105/404
f 105/105/405 138/138/406 139/139/407 106/106/408
f 106/106/409 139/139/410 140/140/411 107/107/412
f 107/107/413 140/140/414 141/141/415 108/108/416
f 108/108/417 141/141/418 142/142/419 109/109/420
f 109/109/421 142/142/422 143/143/423 110/110/424
f 110/110/425 143/143/426 144/144/427 111/111/428
f 111/111/429 144/144/430 145/145/431 112/112/432
f 112/112/433 145/145/434 146/146/435 113/113/436
f 113/113/437 146/146/438 147/147/439 114/114/440
f 114/114/441 147/147/442 148/148/443 115/115/444
f 115/115/445 148/148/446 149/149/447 116/116/448
f 116/116/449 149/149/450 150/150/451 117/117/452
f 117/117/453 150/150/454 151/151/455 118/118/456
f 118/118/457 151/151/458 152/152/459 119/119/460
f 119/119/461 152/152/462 153/153/463 120/120/464
f 120/120/465 153/153/466 154/154/467 121/121/468
f 121/121/469 154/154/470 155/155/471 122/122/472
f 122/122/473 155/155/474 156/156/475 123/123/476
f 123/123/477 156/156/478 157/157/479 124/124/480
f 124/124/481 157/157/482 158/158/483 125/125/484
f 125/125/485 158/158/486 159/159/487 126/126/488
f 126/126/489 159/159/490 160/160/491 127/127/492
f 127/127/493 160/160/494 161/161/495 128/128/496
f 128/128/497 161/161/498 162/162/499 129/129/500
f 129/129/501 162/162/502 163/163/503 130/130/504
f 130/130/505 163/163/506 164/164/507 131/131/508
f 131/131/509 164/164/510 165/165/511 132/132/512
f 133/133/513 166/166/514 167/167/515 134/134/516
f 134/134/517 167/167/518 168/168/519 135/135/520
f 135/135/521 168/168/522 169/169/523 136/136/524
f 136/136/525 169/169/526 170/170/527 137/137/528
f 137/137/529 170/170/530 171/171/531 138/138/532
f 138/138/533 171/171/534 172/172/535 139/139/536
f 139/139/537 172/172/538 173/173/539 140/140/540
f 140/140/541 173/173/542 174/174/543 141/141/544
f 141/141/545 174/174/546 175/175/547 142/142/548
f 142/142/549 175/175/550 176/176/551 143/143/552
f 143/143/553 176/176/554 177/177/555 144/144/556
f 144/144/557 177/177/558 178/178/559 145/145/560
f 145/145/561 178/178/562 179/179/563 146/146/564
f 146/146/565 179/179/566 180/180/567 147/147/568
f 147/147/569 180/180/570 181/181/571 148/148/572
f 148/148/573 181/181/574 182/182/575 149/149/576
f 149/149/577 182/182/578 183/183/579 150/150/580
f 150/150/581 183/183/582 184/184/583 151/151/584
f 151/151/585 184/184/586 185/185/587 152/152/588
f 152/152/589 185/185/590 186/186/591 153/153/592
f 153/153/593 186/186/594 187/187/595 154/154/596
f 154/154/597 187/187/598 188/188/599 155/155/600
f 155/155/601 188/188/602 189/189/603 156/156/604
f 156/156/605 189/189/606 190/190/607 157/157/608
f 157/157/609 190/190/610 191/191/611 158/158/612
f 158/158/613 191/191/614 192/192/615 159/159/616
f 159/159/617 192/192/618 193/193/619 160/160/620
f 160/160/621 193/193/622 194/194/623 161/161/624
f 161/161/625 194/194/626 195/195/627 162/162/628
f 162/162/629 195/195/630 196/196/631 163/163/632
f 163/163/633 196/196/634 197/197/635 164/164/636
f 164/164/637 197/197/638 198/198/639 165/165/640
f 166/166/641 199/199/642 200/200/643 167/167/644
f 167/167/645 200/200/646 201/201/647 168/168/648
f 168/168/649 201/201/650 202/202/651 169/169/652
f 169/169/653 202/202/654 203/203/655 170/170/656
f 170/170/657 203/203/658 204/204/659 171/171/660
f 171/171/661 204/204/662 205/205/663 172/172/664
f 172/172/665 205/205/666 206/206/667 173/173/668
f 173/173/669 206/206/670 207/207/671 174/174/672
f 174/174/673 207/207/674 208/208/675 175/175/676
f 175/175/677 208/208/678 209/209/679 176/176/680
f 176/176/681 209/209/682 210/210/683 177/177/684
f 177/177/685 210/210/686 211/211/687 178/178/688
f 178/178/689 211/211/690 212/212/691 179/179/692
f 179/179/693 212/212/694 213/213/695 180/180/696
f 180/180/697 213/213/698 214/214/699 181/181/700
f 181/181/701 214/214/702 215/215/703 182/182/704
f 182/182/705 215/215/706 216/216/707 183/183/708
f 183/183/709 216/216/710 217/217/711 184/184/712
f 184/184/713 217/217/714 218/218/715 185/185/716
f 185/185/717 218/218/718 219/219/719 186/186/720
f 186/186/721 219/219/722 220/220/723 187/187/724
f 187/187/725 220/220/726 221/221/727 188/188/728
f 188/188/729 221/221/730 222/222/731 189/189/732
f 189/189/733 222/222/734 223/223/735 190/190/736
f 190/190/737 223/223/738 224/224/739 191/191/740
f 191/191/741 224/224/742 225/225/743 192/192/744
f 192/192/745 225/225/746 226/226/747 193/193/748
f 193/193/749 226/226/750 227/227/751 194/194/752
f 194/194/753 227/227/754 228/228/755 195/195/756
f 195/195/757 228/228/758 229/229/759 196/196/760
f 196/196/761 229/229/762 230/230/763 197/197/764
f 197/197/765 230/230/766 231/231/767 198/198/768
f 199/199/769 232/232/770 233/233/771 200/200/772
f 200/200/773 233/233/774 234/234/775 201/201/776
f 201/201/777 234/234/778 235/235/779 202/202/780
f 202/202/781 235/235/782 236/236/783 203/203/784
f 203/203/785 236/236/786 237/237/787 204/204/788
f 204/204/789 237/237/790 238/238/791 205/205/792
f 205/205/793 238/238/794 239/239/795 206/206/796
f 206/206/797 239/239/798 240/240/799 207/207/800
f 207/207/801 240/240/802 241/241/803 208/208/804
f 208/208/805 241/241/806 242/242/807 209/209/808
f 209/209/809 242/242/810 243/243/811 210/210/812
f 210/210/813 243/243/814 244/244/815 211/211/816
f 211/211/817 244/244/818 245/245/819 212/212/820
f 212/212/821 245/245/822 246/246/823 213/213/824
f 213/213/825 246/246/826 247/247/827 214/214/828
f 214/214/829 247/247/830 248/248/831 215/215/832
f 215/215/833 248/248/834 249/249/835 216/216/836
f 216/216/837 249/249/838 250/250/839 217/217/840
f 217/217/841 250/250/842 251/251/843 218/218/844
f 218/218/845 251/251/846 252/252/847 219/219/848
f 219/219/849 252/252/850 253/253/851 220/220/852
f 220/220/853 253/253/854 254/254/855 221/221/856
f 221/221/857 254/254/858 255/255/859 222/222/860
f 222/222/861 255/255/862 256/256/863 223/223/864
f 223/223/865 256/256/866 257/257/867 224/224/868
f 224/224/869 257/257/870 258/258/871 225/225/872
f 225/225/873 258/258/874 259/259/875 226/226/876
f 226/226/877 259/259/878 260/260/879 227/227/880
f 227/227/881 260/260/882 261/261/883 228/228/884
f 228/228/885 261/261/886 262/262/887 229/229/888
f 229/229/889 262/262/890 263/263/891 230/230/892
f 230/230/893 263/263/894 264/264/895 231/231/896
f 232/232/897 265/265/898 266/266/899 233/233/900
f 233/233/901 266/266/902 267/267/903 234/234/904
f 234/234/905 267/267/906 268/268/907 235/235/908
f 235/235/909 268/268/910 269/269/911 236/236/912
f 236/236/913 269/269/914 270/270/915 237/237/916
f 237/237/917 270/270/918 271/271/919 238/238/920
f 238/238/921 271/271/922 272/272/923 239/239/924
f 239/239/925 272/272/926 273/273/927 240/240/928
f 240/240/929 273/273/930 274/274/931 241/241/932
f 241/241/933 274/274/934 275/275/935 242/242/936
f 242/242/937 275/275/938 276/276/939 243/243/940
f 243/243/941 276/276/942 277/277/943 244/244/944
f 244/244/945 277/277/946 278/278/947 245/245/948
f 245/245/949 278/278/950 279/279/951 246/246/952
f 246/246/953 279/279/954 280/280/955 247/247/956
f 247/247/957 280/280/958 281/281/959 248/248/960
f 248/248/961 281/281/962 282/282/963 249/249/964
f 249/249/965 282/282/966 283/283/967 250/250/968
f 250/250/969 283/283/970 284/284/971 251/251/972
f 251/251/973 284/284/974 285/285/975 252/252/976
f 252/252/977 285/285/978 286/286/979 253/253/980
f 253/253/981 286/286/982 287/287/983 254/254/984
f 254/254/985 287/287/986 288/288/987 255/255/988
f 255/255/989 288/288/990 289/289/991 256/256/992
f 256/256/993 289/289/994 290/290/995 257/257/996
f 257/257/997 290/290/998 291/291/999 258/258/1000
f 258/258/1001 291/291/1002 292/292/1003 259/259/1004
f 259/259/1005 292/292/1006 293/293/1007 260/260/1008
f 260/260/1009 293/293/1010 294/294/1011 261/261/1012
f 261/261/1013 294/294/1014 295/295/1015 262/262/1016
f 262/262/1017 295/295/1018 296/296/1019 263/263/1020
f 263/263/1021 296/296/1022 297/297/1023 264/264/1024
f 265/265/1025 298/298/1026 299/299/1027 266/266/1028
f 266/266/1029 299/299/1030 300/300/1031 267/267/1032
f 267/267/1033 300/300/1034 301/301/1035 268/268/1036
f 268/268/1037 301/301/1038 302/302/1039 269/269/1040
f 269/269/1041 302/302/1042 303/303/1043 270/270/1044
f 270/270/1045 303/303/1046 304/304/1047 271/271/1048
f 271/271/1049 304/304/1050 305/305/1051 272/272/1052
f 272/272/1053 305/305/1054 306/306/1055 273/273/1056
f 273/273/1057 306/306/1058 307/307/1059 274/274/1060
f 274/274/1061 307/307/1062 308/308/1063 275/275/1064
f 275/275/1065 308/308/1066 309/309/1067 276/276/1068
f 276/276/1069 309/309/1070 310/310/1071 277/277/1072
f 277/277/1073 310/310/1074 311/311/1075 278/278/1076
f 278/278/1077 311/311/1078 312/312/1079 279/279/1080
f 279/279/1081 312/312/1082 313/313/1083 280/280/1084
f 280/280/1085 313/313/1086 314/314/1087 281/281/1088
f 281/281/1089 314/314/1090 315/315/1091 282/282/1092
f 282/282/1093 315/315/1094 316/316/1095 283/283/1096
f 283/283/1097 316/316/1098 317/317/1099 284/284/1100
f 284/284/1101 317/317/1102 318/318/1103 285/285/1104
f 285/285/1105 318/318/1106 319/319/1107 286/286/1108
f 286/286/1109 319/319/1110 320/320/1111 287/287/1112
f 287/287/1113 320/320/1114 321/321/1115 288/288/1116
f 288/288/1117 321/321/1118 322/322/1119 289/289/1120
f 289/289/1121 322/322/1122 323/323/1123 290/290/1124
f 290/290/1125 323/323/1126 324/324/1127 291/291/1128
f 291/291/1129 324/324/1130 325/325/1131 292/292/1132
f 292/292/1133 325/325/1134 326/326/1135 293/293/1136
f 293/293/1137 326/326/1138 327/327/1139 294/294/1140
f 294/294/1141 327/327/1142 328/328/1143 295/295/1144
f 295/295/1145 328/328/1146 329/329/1147 296/296/1148
f 296/296/1149 329/329/1150 330/330/1151 297/297/1152
f 298/298/1153 331/331/1154 332/332/1155 299/299/1156
f 299/299/1157 332/332/1158 333/333/1159 300/300/1160
f 300/300/1161 333/333/1162 334/334/1163 301/301/1164
f 301/301/1165 334/334/1166 335/335/1167 302/302/1168
f 302/302/1169 335/335/1170 336/336/1171 303/303/1172
f 303/303/1173 336/336/1174 337/337/1175 304/304/1176
f 304/304/1177 337/337/1178 338/338/1179 305/305/1180
f 305/305/1181 338/338/1182 339/339/1183 306/306/1184
f 306/306/1185 339/339/1186 340/340/1187 307/307/1188
f 307/307/1189 340/340/1190 341/341/1191 308/308/1192
f 308/308/1193 341/341/1194 342/342/1195 309/309/1196
f 309/309/1197 342/342/1198 343/343/1199 310/310/1200
f 310/310/1201 343/343/1202 344/344/1203 311/311/1204
f 311/311/1205 344/344/1206 345/345/1207 312/312/1208
f 312/312/1209 345/345/1210 346/346/1211 313/313/1212
f 313/313/1213 346/346/1214 347/347/1215 314/314/1216
f 314/314/1217 347/347/1218 348/348/1219 315/315/1220
f 315/315/1221 348/348/1222 349/349/1223 316/316/1224
f 316/316/1225 349/349/1226 350/350/1227 317/317/1228
f 317/317/1229 350/350/1230 351/351/1231 318/318/1232
f 318/318/1233 351/351/1234 352/352/1235 319/319/1236
f 319/319/1237 352/352/1238 353/353/1239 320/320/1240
f 320/320/1241 353/353/1242 354/354/1243 321/321/1244
f 321/321/1245 354/354/1246 355/355/1247 322/322/1248
f 322/322/1249 355/355/1250 356/356/1251 323/323/1252
f 323/323/1253 356/356/1254 357/357/1255 324/324/1256
f 324/324/1257 357/357/1258 358/358/1259 325/325/1260
f 325/325/1261 358/358/1262 359/359/1263 326/326/1264
f 326/326/1265 359/359/1266 360/360/1267 327/327/1268
f 327/327/1269 360/360/1270 361/361/1271 328/328/1272
f 328/328/1273 361/361/1274 362/362/1275 329/329/1276
f 329/329/1277 362/362/1278 363/363/1279 330/330/1280
f 331/331/1281 364/364/1282 365/365/1283 332/332/1284
f 332/332/1285 365/365/1286 366/366/1287 333/333/1288
f 333/333/1289 366/366/1290 367/367/1291 334/334/1292
f 334/334/1293 367/367/1294 368/368/1295 335/335/1296
f 335/335/1297 368/368/1298 369/369/1299 336/336/1300
f 336/336/1301 369/369/1302 370/370/1303 337/337/1304
f 337/337/1305 370/370/1306 371/371/1307 338/338/1308
f 338/338/1309 371/371/1310 372/372/1311 339/339/1312
f 339/339/1313 372/372/1314 373/373/1315 340/340/1316
f 340/340/1317 373/373/1318 374/374/1319 341/341/1320
f 341/341/1321 374/374/1322 375/375/1323 342/342/1324
f 342/342/1325 375/375/1326 376/376/1327 343/343/1328
f 343/343/1329 376/376/1330 377/377/1331 344/344/1332
f 344/344/1333 377/377/1334 378/378/1335 345/345/1336
f 345/345/1337 378/378/1338 379/379/1339 346/346/1340
f 346/346/1341 379/379/1342 380/380/1343 347/347/1344
f 347/347/1345 380/380/1346 381/381/1347 348/348/1348
f 348/348/1349 381/381/1350 382/382/1351 349/349/1352
f 349/349/1353 382/382/1354 383/383/1355 350/350/1356
f 350/350/1357 383/383/1358 384/384/1359 351/351/1360
f 351/351/1361 384/384/1362 385/385/1363 352/352/1364
f 352/352/1365 385/385/1366 386/386/1367 353/353/1368
f 353/353/1369 386/386/1370 387/387/1371 354/354/1372
f 354/354/1373 387/387/1374 388/388/1375 355/355/1376
f 355/355/1377 388/388/1378 389/389/1379 356/356/1380
f 356/356/1381 389/389/1382 390/390/1383 357/357/1384
f 357/357/1385 390/390/1386 391/391/1387 358/358/1388
f 358/358/1389 391/391/1390 392/392/1391 359/359/1392
f 359/359/1393 392/392/1394 393/393/1395 360/360/1396
f 360/360/1397 393/393/1398 394/394/1399 361/361/1400
f 361/361/1401 394/394/1402 395/395/1403 362/362/1404
f 362/362/1405 395/395/1406 396/396/1407 363/363/1408
f 364/364/1409 397/397/1410 398/398/1411 365/365/1412
f 365/365/1413 398/398/1414 399/399/1415 366/366/1416
f 366/366/1417 399/399/1418 400/400/1419 367/367/1420
f 367/367/1421 400/400/1422 401/401/1423 368/368/1424
f 368/368/1425 401/401/1426 402/402/1427 369/369/1428
f 369/369/1429 402/402/1430 403/403/1431 370/370/1432
f 370/370/1433 403/403/1434 404/404/1435 371/371/1436
f 371/371/1437 404/404/1438 405/405/1439 372/372/1440
f 372/372/1441 405/405/1442 406/406/1443 373/373/1444
f 373/373/1445 406/406/1446 407/407/1447 374/374/1448
f 374/374/1449 407/407/1450 408/408/1451 375/375/1452
f 375/375/1453 408/408/1454 409/409/1455 376/376/1456
f 376/376/1457 409/409/1458 410/410/1459 377/377/1460
f 377/377/1461 410/410/1462 411/411/1463 378/378/1464
f 378/378/1465 411/411/1466 412/412/1467 379/379/1468
f 379/379/1469 412/412/1470 413/413/1471 380/380/1472
f 380/380/1473 413/413/1474 414/414/1475 381/381/1476
f 381/381/1477 414/414/1478 415/415/1479 382/382/1480
f 382/382/1481 415/415/1482 416/416/1483 383/383/1484
f 383/383/1485 416/416/1486 417/417/1487 384/384/1488
f 384/384/1489 417/417/1490 418/418/1491 385/385/1492
f 385/385/1493 418/418/1494 419/419/1495 386/386/1496
f 386/386/1497 419/419/1498 420/420/1499 387/387/1500
f 387/387/1501 420/420/1502 421/421/1503 388/388/1504
f 388/388/1505 421/421/1506 422/422/1507 389/389/1508
f 389/389/1509 422/422/1510 423/423/1511 390/390/1512
f 390/390/1513 423/423/1514 424/424/1515 391/391/1516
f 391/391/1517 424/424/1518 425/425/1519 392/392/1520
f 392/392/1521 425/425/1522 426/426/1523 393/393/1524
f 393/393/1525 426/426/1526 427/427/1527 394/394/1528
f 394/394/1529 427/427/1530 428/428/1531 395/395/1532
f 395/395/1533 428/428/1534 429/429/1535 396/396/1536
f 397/397/1537 430/430/1538 431/431/1539 398/398/1540
f 398/398/1541 431/431/1542 432/432/1543 399/399/1544
f 399/399/1545 432/432/1546 433/433/1547 400/400/1548
f 400/400/1549 433/433/1550 434/434/1551 401/401/1552
f 401/401/1553 434/434/1554 435/435/1555 402/402/1556
f 402/402/1557 435/435/1558 436/436/1559 403/403/1560
f 403/403/1561 436/436/1562 437/437/1563 404/404/1564
f 404/404/1565 437/437/1566 438/438/1567 405/405/1568
f 405/405/1569 438/438/1570 439/439/1571 406/406/1572
f 406/406/1573 439/439/1574 440/440/1575 407/407/1576
f 407/407/1577 440/440/1578 441/441/1579 408/408/1580
f 408/408/1581 441/441/1582 442/442/1583 409/409/1584
f 409/409/1585 442/442/1586 443/443/1587 410/410/1588
f 410/410/1589 443/443/1590 444/444/1591 411/411/1592
f 411/411/1593 444/444/1594 445/445/1595 412/412/1596
f 412/412/1597 445/445/1598 446/446/1599 413/413/1600
f 413/413/1601 446/446/1602 447/447/1603 414/414/1604
f 414/414/1605 447/447/1606 448/448/1607 415/415/1608
f 415/415/1609 448/448/1610 449/449/1611 416/416/1612
f 416/416/1613 449/449/1614 450/450/1615 417/417/1616
f 417/417/1617 450/450/1618 451/451/1619 418/418/1620
f 418/418/1621 451/451/1622 452/452/1623 419/419/1624
f 419/419/1625 452/452/1626 453/453/1627 420/420/1628
f 420/420/1629 453/453/1630 454/454/1631 421/421/1632
f 421/421/1633 454/454/1634 455/455/1635 422/422/1636
f 422/422/1637 455/455/1638 456/456/1639 423/423/1640
f 423/423/1641 456/456/1642 457/457/1643 424/424/1644
f 424/424/1645 457/457/1646 458/458/1647 425/425/1648
f 425/425/1649 458/458/1650 459/459/1651 426/426/1652
f 426/426/1653 459/459/1654 460/460/1655 427/427/1656
f 427/427/1657 460/460/1658 461/461/1659 428/428/1660
f 428/428/1661 461/461/1662 462/462/1663 429/429/1664
f 430/430/1665 463/463/1666 464/464/1667 431/431/1668
f 431/431/1669 464/464/1670 465/465/1671 432/432/1672
f 432/432/1673 465/465/1674 466/466/1675 433/433/1676
f 433/433/1677 466/466/1678 467/467/1679 434/434/1680
f 434/434/1681 467/467/1682 468/468/1683 435/435/1684
f 435/435/1685 468/468/1686 469/469/1687 436/436/1688
f 436/436/1689 469/469/1690 470/470/1691 437/437/1692
f 437/437/1693 470/470/1694 471/471/1695 438/438/1696
f 438/438/1697 471/471/1698 472/472/1699 439/439/1700
f 439/439/1701 472/472/1702 473/473/1703 440/440/1704
f 440/440/1705 473/473/1706 474/474/1707 441/441/1708
f 441/441/1709 474/474/1710 475/475/1711 442/442/1712
f 442/442/1713 475/475/1714 476/476/1715 443/443/1716
f 443/443/1717 476/476/1718 477/477/1719 444/444/1720
f 444/444/1721 477/477/1722 478/478/1723 445/445/1724
f 445/445/1725 478/478/1726 479/479/1727 446/446/1728
f 446/446/1729 479/479/1730 480/480/1731 447/447/1732
f 447/447/1733 480/480/1734 481/481/1735 448/448/1736
f 448/448/1737 481/481/1738 482/482/1739 449/449/1740
f 449/449/1741 482/482/1742 483/483/1743 450/450/1744
f 450/450/1745 483/483/1746 484/484/1747 451/451/1748
f 451/451/1749 484/484/1750 485/485/1751 452/452/1752
f 452/452/1753 485/485/1754 486/486/1755 453/453/1756
f 453/453/1757 486/486/1758 487/487/1759 454/454/1760
f 454/454/1761 487/487/1762 488/488/1763 455/455/1764
f 455/455/1765 488/488/1766 489/489/1767 456/456/1768
f 456/456/1769 489/489/1770 490/490/1771 457/457/1772
f 457/457/1773 490/490/1774 491/491/1775 458/458/1776
f 458/458/1777 491/491/1778 492/492/1779 459/459/1780
f 459/459/1781 492/492/1782 493/493/1783 460/460/1784
f 460/460/1785 493/493/1786 494/494/1787 461/461/1788
f 461/461/1789 494/494/1790 495/495/1791 462/462/1792
f 463/463/1793 496/496/1794 497/497/1795 464/464/1796
f 464/464/1797 497/497/1798 498/498/1799 465/465/1800
f 465/465/1801 498/498/1802 499/499/1803 466/466/1804
f 466/466/1805 499/499/1806 500/500/1807 467/467/1808
f 467/467/1809 500/500/1810 501/501/1811 468/468/1812
f 468/468/1813 501/501/1814 502/502/1815 469/469/1816
f 469/469/1817 502/502/1818 503/503/1819 470/470/1820
f 470/470/1821 503/503/1822 504/504/1823 471/471/1824
f 471/471/1825 504/504/1826 505/505/1827 472/472/1828
f 472/472/1829 505/505/1830 506/506/1831 473/473/1832
f 473/473/1833 506/506/1834 507/507/1835 474/474/1836
f 474/474/1837 507/507/1838 508/508/1839 475/475/1840
f 475/475/1841 508/508/1842 509/509/1843 476/476/1844
f 476/476/1845 509/509/1846 510/510/1847 477/477/1848
f 477/477/1849 510/510/1850 511/511/1851 478/478/1852
f 478/478/1853 511/511/1854 512/512/1855 479/479/1856
f 479/479/1857 512/512/1858 513/513/1859 480/480/1860
f 480/480/1861 513/513/1862 514/514/1863 481/481/1864
f 481/481/1865 514/514/1866 515/515/1867 482/482/1868
f 482/482/1869 515/515/1870 516/516/1871 483/483/1872
f 483/483/1873 516/516/1874 517/517/1875 484/484/1876
f 484/484/1877 517/517/1878 518/518/1879 485/485/1880
f 485/485/1881 518/518/1882 519/519/1883 486/486/1884
f 486/486/1885 519/519/1886 520/520/1887 487/487/1888
f 487/487/1889 520/520/1890 521/521/1891 488/488/1892
f 488/488/1893 521/521/1894 522/522/1895 489/489/1896
f 489/489/1897 522/522/1898 523/523/1899 490/490/1900
f 490/490/1901 523/523/1902 524/524/1903 491/491/1904
f 491/491/1905 524/524/1906 525/525/1907 492/492/1908
f 492/492/1909 525/525/1910 526/526/1911 493/493/1912
f 493/493/1913 526/526/1914 527/527/1915 494/494/1916
f 494/494/1917 527/527/1918 528/528/1919 495/495/1920
f 496/496/1921 529/529/1922 530/530/1923 497/497/1924
f 497/497/1925 530/530/1926 531/531/1927 498/498/1928
f 498/498/1929 531/531/1930 532/532/1931 499/499/1932
f 499/499/1933 532/532/1934 533/533/1935 500/500/1936
f 500/500/1937 533/533/1938 534/534/1939 501/501/1940
f 501/501/1941 534/534/1942 535/535/1943 502/502/1944
f 502/502/1945 535/535/1946 536/536/1947 503/503/1948
f 503/503/1949 536/536/1950 537/537/1951 504/504/1952
f 504/504/1953 537/537/1954 538/538/1955 505/505/1956
f 505/505/1957 538/538/1958 539/539/1959 506/506/1960
f 506/506/1961 539/539/1962 540/540/1963 507/507/1964
f 507/507/1965 540/540/1966 541/541/1967 508/508/1968
f 508/508/1969 541/541/1970 542/542/1971 509/509/1972
f 509/509/1973 542/542/1974 543/543/1975 510/510/1976
f 510/510/1977 543/543/1978 544/544/1979 511/511/1980
f 511/511/1981 544/544/1982 545/545/1983 512/512/1984
f 512/512/1985 545/545/1986 546/546/1987 513/513/1988
f 513/513/1989 546/546/1990 547/547/1991 514/514/1992
f 514/514/1993 547/547/1994 548/548/1995 515/515/1996
f 515/515/1997 548/548/1998 549/549/1999 516/516/2000
f 516/516/2001 549/549/2002 550/550/2003 517/517/2004
f 517/517/2005 550/550/2006 551/551/2007 518/518/2008
f 518/518/2009 551/551/2010 552/552/2011 519/519/2012
f 519/519/2013 552/552/2014 553/553/2015 520/520/2016
f 520/520/2017 553/553/2018 554/554/2019 521/521/2020
f 521/521/2021 554/554/2022 555/555/2023 522/522/2024
f 522/522/2025 555/555/2026 556/556/2027 523/523/2028
f 523/523/2029 556/556/2030 557/557/2031 524/524/2032
f 524/524/2033 557/557/2034 558/558/2035 525/525/2036
f 525/525/2037 558/558/2038 559/559/2039 526/526/2040
f 526/526/2041 559/559/2042 560/560/2043 527/527/2044
f 527/527/2045 560/560/2046 561/561/2047 528/528/2048
f 529/529/2049 562/562/2050 563/563/2051 530/530/2052
f 530/530/2053 563/563/2054 564/564/2055 531/531/2056
f 531/531/2057 564/564/2058 565/565/2059 532/532/2060
f 532/532/2061 565/565/2062 566/566/2063 533/533/2064
f 533/533/2065 566/566/2066 567/567/2067 534/534/2068
f 534/534/2069 567/567/2070 568/568/2071 535/535/2072
f 535/535/2073 568/568/2074 569/569/2075 536/536/2076
f 536/536/2077 569/569/2078 570/570/2079 537/537/2080
f 537/537/2081 570/570/2082 571/571/2083 538/538/2084
f 538/538/2085 571/571/2086 572/572/2087 539/539/2088
f 539/539/2089 572/572/2090 573/573/2091 540/540/2092
f 540/540/2093 573/573/2094 574/574/2095 541/541/2096
f 541/541/2097 574/574/2098 575/575/2099 542/542/2100
f 542/542/2101 575/575/2102 576/576/2103 543/543/2104
f 543/543/2105 576/576/2106 577/577/2107 544/544/2108
f 544/544/2109 577/577/2110 578/578/2111 545/545/2112
f 545/545/2113 578/578/2114 579/579/2115 546/546/2116
f 546/546/2117 579/579/2118 580/580/2119 547/547/2120
f 547/547/2121 580/580/2122 581/581/2123 548/548/2124
f 548/548/2125 581/581/2126 582/582/2127 549/549/2128
f 549/549/2129 582/582/2130 583/583/2131 550/550/2132
f 550/550/2133 583/583/2134 584/584/2135 551/551/2136
f 551/551/2137 584/584/2138 585/585/2139 552/552/2140
f 552/552/2141 585/585/2142 586/586/2143 553/553/2144
f 553/553/2145 586/586/2146 587/587/2147 554/554/2148
f 554/554/2149 587/587/2150 588/588/2151 555/555/2152
f 555/555/2153 588/588/2154 589/589/2155 556/556/2156
f 556/556/2157 589/589/2158 590/590/2159 557/557/2160
f 557/557/2161 590/590/2162 591/591/2163 558/558/2164
f 558/558/2165 591/591/2166 592/592/2167 559/559/2168
f 559/559/2169 592/592/2170 593/593/2171 560/560/2172
f 560/560/2173 593/593/2174 594/594/2175 561/561/2176
f 562/562/2177 595/595/2178 596/596/2179 563/563/2180
f 563/563/2181 596/596/2182 597/597/2183 564/564/2184
f 564/564/2185 597/597/2186 598/598/2187 565/565/2188
f 565/565/2189 598/598/2190 599/599/2191 566/566/2192
f 566/566/2193 599/599/2194 600/600/2195 567/567/2196
f 567/567/2197 600/600/2198 601/601/2199 568/568/2200
f 568/568/2201 601/601/2202 602/602/2203 569/569/2204
f 569/569/2205 602/602/2206 603/603/2207 570/570/2208
f 570/570/2209 603/603/2210 604/604/2211 571/571/2212
f 571/571/2213 604/604/2214 605/605/2215 572/572/2216
f 572/572/2217 605/605/2218 606/606/2219 573/573/2220
f 573/573/2221 606/606/2222 607/607/2223 574/574/2224
f 574/574/2225 607/607/2226 608/608/2227 575/575/2228
f 575/575/2229 608/608/2230 609/609/2231 576/576/2232
f 576/576/2233 609/609/2234 610/610/2235 577/577/2236
f 577/577/2237 610/610/2238 611/611/2239 578/578/2240
f 578/578/2241 611/611/2242 612/612/2243 579/579/2244
f 579/579/2245 612/612/2246 613/613/2247 580/580/2248
f 580/580/2249 613/613/2250 614/614/2251 581/581/2252
f 581/581/2253 614/614/2254 615/615/2255 582/582/2256
f 582/582/2257 615/615/2258 616/616/2259 583/583/2260
f 583/583/2261 616/616/2262 617/617/2263 584/584/2264
f 584/584/2265 617/617/2266 618/618/2267 585/585/2268
f 585/585/2269 618/618/2270 619/619/2271 586/586/2272
f 586/586/2273 619/619/2274 620/620/2275 587/587/2276
f 587/587/2277 620/620/2278 621/621/2279 588/588/2280
f 588/588/2281 621/621/2282 622/622/2283 589/589/2284
f 589/589/2285 622/622/2286 623/623/2287 590/590/2288
f 590/590/2289 623/623/2290 624/624/2291 591/591/2292
f 591/591/2293 624/624/2294 625/625/2295 592/592/2296
f 592/592/2297 625/625/2298 626/626/2299 593/593/2300
f 593/593/2301 626/626/2302 627/627/2303 594/594/2304
f 595/595/2305 628/628/2306 629/629/2307 596/596/2308
f 596/596/2309 629/629/2310 630/630/2311 597/597/2312
f 597/597/2313 630/630/2314 631/631/2315 598/598/2316
f 598/598/2317 631/631/2318 632/632/2319 599/599/2320
f 599/599/2321 632/632/2322 633/633/2323 600/600/2324
f 600/600/2325 633/633/2326 634/634/2327 601/601/2328
f 601/601/2329 634/634/2330 635/635/2331 602/602/2332
f 602/602/2333 635/635/2334 636/636/2335 603/603/2336
f 603/603/2337 636/636/2338 637/637/2339 604/604/2340
f 604/604/2341 637/637/2342 638/638/2343 605/605/2344
f 605/605/2345 638/638/2346 639/639/2347 606/606/2348
f 606/606/2349 639/639/2350 640/640/2351 607/607/2352
f 607/607/2353 640/640/2354 641/641/2355 608/608/2356
f 608/608/2357 641/641/2358 642/642/2359 609/609/2360
f 609/609/2361 642/642/2362 643/643/2363 610/610/2364
f 610/610/2365 643/643/2366 644/644/2367 611/611/2368
f 611/611/2369 644/644/2370 645/645/2371 612/612/2372
f 612/612/2373 645/645/2374 646/646/2375 613/613/2376
f 613/613/2377 646/646/2378 647/647/2379 614/614/2380
f 614/614/2381 647/647/2382 648/648/2383 615/615/2384
f 615/615/2385 648/648/2386 649/649/2387 616/616/2388
f 616/616/2389 649/649/2390 650/650/2391 617/617/2392
f 617/617/2393 650/650/2394 651/651/2395 618/618/2396
f 618/618/2397 651/651/2398 652/652/2399 619/619/2400
f 619/619/2401 652/652/2402 653/653/2403 620/620/2404
f 620/620/2405 653/653/2406 654/654/2407 621/621/2408
f 621/621/2409 654/654/2410 655/655/2411 622/622/2412
f 622/622/2413 655/655/2414 656/656/2415 623/623/2416
f 623/623/2417 656/656/2418 657/657/2419 624/624/2420
f 624/624/2421 657/657/2422 658/658/2423 625/625/2424
f 625/625/2425 658/658/2426 659/659/2427 626/626/2428
f 626/626/2429 659/659/2430 660/660/2431 627/627/2432
f 628/628/2433 661/661/2434 662/662/2435 629/629/2436
f 629/629/2437 662/662/2438 663/663/2439 630/630/2440
f 630/630/2441 663/663/2442 664/664/2443 631/631/2444
f 631/631/2445 664/664/2446 665/665/2447 632/632/2448
f 632/632/2449 665/665/2450 666/666/2451 633/633/2452
f 633/633/2453 666/666/2454 667/667/2455 634/634/2456
f 634/634/2457 667/667/2458 668/668/2459 635/635/2460
f 635/635/2461 668/668/2462 669/669/2463 636/636/2464
f 636/636/2465 669/669/2466 670/670/2467 637/637/2468
f 637/637/2469 670/670/2470 671/671/2471 638/638/2472
f 638/638/2473 671/671/2474 672/672/2475 639/639/2476
f 639/639/2477 672/672/2478 673/673/2479 640/640/2480
f 640/640/2481 673/673/2482 674/674/2483 641/641/2484
f 641/641/2485 674/674/2486 675/675/2487 642/642/2488
f 642/642/2489 675/675/2490 676/676/2491 643/643/2492
f 643/643/2493 676/676/2494 677/677/2495 644/644/2496
f 644/644/2497 677/677/2498 678/678/2499 645/645/2500
f 645/645/2501 678/678/2502 679/679/2503 646/646/2504
f 646/646/2505 679/679/2506 680/680/2507 647/647/2508
f 647/647/2509 680/680/2510 681/681/2511 648/648/2512
f 648/648/2513 681/681/2514 682/682/2515 649/649/2516
f 649/649/2517 682/682/2518 683/683/2519 650/650/2520
f 650/650/2521 683/683/2522 684/684/2523 651/651/2524
f 651/651/2525 684/684/2526 685/685/2527 652/652/2528
f 652/652/2529 685/685/2530 686/686/2531 653/653/2532
f 653/653/2533 686/686/2534 687/687/2535 654/654/2536
f 654/654/2537 687/687/2538 688/688/2539 655/655/2540
f 655/655/2541 688/688/2542 689/689/2543 656/656/2544
f 656/656/2545 689/689/2546 690/690/2547 657/657/2548
f 657/657/2549 690/690/2550 691/691/2551 658/658/2552
f 658/658/2553 691/691/2554 692/692/2555 659/659/2556
f 659/659/2557 692/692/2558 693/693/2559 660/660/2560
f 661/661/2561 694/694/2562 695/695/2563 662/662/2564
f 662/662/2565 695/695/2566 696/696/2567 663/663/2568
f 663/663/2569 696/696/2570 697/697/2571 664/664/2572
f 664/664/2573 697/697/2574 698/698/2575 665/665/2576
f 665/665/2577 698/698/2578 699/699/2579 666/666/2580
f 666/666/2581 699/699/2582 700/700/2583 667/667/2584
f 667/667/2585 700/700/2586 701/701/2587 668/668/2588
f 668/668/2589 701/701/2590 702/702/2591 669/669/2592
f 669/669/2593 702/702/2594 703/703/2595 670/670/2596
f 670/670/2597 703/703/2598 704/704/2599 671/671/2600
f 671/671/2601 704/704/2602 705/705/2603 672/672/2604
f 672/672/2605 705/705/2606 706/706/2607 673/673/2608
f 673/673/2609 706/706/2610 707/707/2611 674/674/2612
f 674/674/2613 707/707/2614 708/708/2615 675/675/2616
f 675/675/2617 708/708/2618 709/709/2619 676/676/2620
f 676/676/2621 709/709/2622 710/710/2623 677/677/2624
f 677/677/2625 710/710/2626 711/711/2627 678/678/2628
f 678/678/2629 711/711/2630 712/712/2631 679/679/2632
f 679/679/2633 712/712/2634 713/713/2635 680/680/2636
f 680/680/2637 713/713/2638 714/714/2639 681/681/2640
f 681/681/2641 714/714/2642 715/715/2643 682/682/2644
f 682/682/2645 715/715/2646 716/716/2647 683/683/2648
f 683/683/2649 716/716/2650 717/717/2651 684/684/2652
f 684/684/2653 717/717/2654 718/718/2655 685/685/2656
f 685/685/2657 718/718/2658 719/719/2659 686/686/2660
f 686/686/2661 719/719/2662 720/720/2663 687/687/2664
f 687/687/2665 720/720/2666 721/721/2667 688/688/2668
f 688/688/2669 721/721/2670 722/722/2671 689/689/2672
f 689/689/2673 722/722/2674 723/723/2675 690/690/2676
f 690/690/2677 723/723/2678 724/724/2679 691/691/2680
f 691/691/2681 724/724/2682 725/725/2683 692/692/2684
f 692/692/2685 725/725/2686 726/726/2687 693/693/2688
f 694/694/2689 727/727/2690 728/728/2691 695/695/2692
f 695/695/2693 728/728/2694 729/729/2695 696/696/2696
f 696/696/2697 729/729/2698 730/730/2699 697/697/2700
f 697/697/2701 730/730/2702 731/731/2703 698/698/2704
f 698/698/2705 731/731/2706 732/732/2707 699/699/2708
f 699/699/2709 732/732/2710 733/733/2711 700/700/2712
f 700/700/2713 733/733/2714 734/734/2715 701/701/2716
f 701/701/2717 734/734/2718 735/735/2719 702/702/2720
f 702/702/2721 735/735/2722 736/736/2723 703/703/2724
f 703/703/2725 736/736/2726 737/737/2727 704/704/2728
f 704/704/2729 737/737/2730 738/738/2731 705/705/2732
f 705/705/2733 738/738/2734 739/739/2735 706/706/2736
f 706/706/2737 739/739/2738 740/740/2739 707/707/2740
f 707/707/2741 740/740/2742 741/741/2743 708/708/2744
f 708/708/2745 741/741/2746 742/742/2747 709/709/2748
f 709/709/2749 742/742/2750 743/743/2751 710/710/2752
f 710/710/2753 743/743/2754 744/744/2755 711/711/2756
f 711/711/2757 744/744/2758 745/745/2759 712/712/2760
f 712/712/2761 745/745/2762 746/746/2763 713/713/2764
f 713/713/2765 746/746/2766 747/747/2767 714/714/2768
f 714/714/2769 747/747/2770 748/748/2771 715/715/2772
f 715/715/2773 748/748/2774 749/749/2775 716/716/2776
f 716/716/2777 749/749/2778 750/750/2779 717/717/2780
f 717/717/2781 750/750/2782 751/751/2783 718/718/2784
f 718/718/2785 751/751/2786 752/752/2787 719/719/2788
f 719/719/2789 752/752/2790 753/753/2791 720/720/2792
f 720/720/2793 753/753/2794 754/754/2795 721/721/2796
f 721/721/2797 754/754/2798 755/755/2799 722/722/2800
f 722/722/2801 755/755/2802 756/756/2803 723/723/2804
f 723/723/2805 756/756/2806 757/757/2807 724/724/2808
f 724/724/2809 757/757/2810 758/758/2811 725/725/2812
f 725/725/2813 758/758/2814 759/759/2815 726/726/2816
f 727/727/2817 760/760/2818 761/761/2819 728/728/2820
f 728/728/2821 761/761/2822 762/762/2823 729/729/2824
f 729/729/2825 762/762/2826 763/763/2827 730/730/2828
f 730/730/2829 763/763/2830 764/764/2831 731/731/2832
f 731/731/2833 764/764/2834 765/765/2835 732/732/2836
f 732/732/2837 765/765/2838 766/766/2839 733/733/2840
f 733/733/2841 766/766/2842 767/767/2843 734/734/2844
f 734/734/2845 767/767/2846 768/768/2847 735/735/2848
f 735/735/2849 768/768/2850 769/769/2851 736/736/2852
f 736/736/2853 769/769/2854 770/770/2855 737/737/2856
f 737/737/2857 770/770/2858 771/771/2859 738/738/2860
f 738/738/2861 771/771/2862 772/772/2863 739/739/2864
f 739/739/2865 772/772/2866 773/773/2867 740/740/2868
f 740/740/2869 773/773/2870 774/774/2871 741/741/2872
f 741/741/2873 774/774/2874 775/775/2875 742/742/2876
f 742/742/2877 775/775/2878 776/776/2879 743/743/2880
f 743/743/2881 776/776/2882 777/777/2883 744/744/2884
f 744/744/2885 777/777/2886 778/778/2887 745/745/2888
f 745/745/2889 778/778/2890 779/779/2891 746/746/2892
f 746/746/2893 779/779/2894 780/780/2895 747/747/2896
f 747/747/2897 780/780/2898 781/781/2899 748/748/2900
f 748/748/2901 781/781/2902 782/782/2903 749/749/2904
f 749/749/2905 782/782/2906 783/783/2907 750/750/2908
f 750/750/2909 783/783/2910 784/784/2911 751/751/2912
f 751/751/2913 784/784/2914 785/785/2915 752/752/2916
f 752/752/2917 785/785/2918 786/786/2919 753/753/2920
f 753/753/2921 786/786/2922 787/787/2923 754/754/2924
f 754/754/2925 787/787/2926 788/788/2927 755/755/2928
f 755/755/2929 788/788/2930 789/789/2931 756/756/2932
f 756/756/2933 789/789/2934 790/790/2935 757/757/2936
f 757/757/2937 790/790/2938 791/791/2939 758/758/2940
f 758/758/2941 791/791/2942 792/792/2943 759/759/2944
f 760/760/2945 793/793/2946 794/794/2947 761/761/2948
f 761/761/2949 794/794/2950 795/795/2951 762/762/2952
f 762/762/2953 795/795/2954 796/796/2955 763/763/2956
f 763/763/2957 796/796/2958 797/797/2959 764/764/2960
f 764/764/2961 797/797/2962 798/798/2963 765/765/2964
f 765/765/2965 798/798/2966 799/799/2967 766/766/2968
f 766/766/2969 799/799/2970 800/800/2971 767/767/2972
f 767/767/2973 800/800/2974 801/801/2975 768/768/2976
f 768/768/2977 801/801/2978 802/802/2979 769/769/2980
f 769/769/2981 802/802/2982 803/803/2983 770/770/2984
f 770/770/2985 803/803/2986 804/804/2987 771/771/2988
f 771/771/2989 804/804/2990 805/805/2991 772/772/2992
f 772/772/2993 805/805/2994 806/806/2995 773/773/2996
f 773/773/2997 806/806/2998 807/807/2999 774/774/3000
f 774/774/3001 807/807/3002 808/808/3003 775/775/3004
f 775/775/3005 808/808/3006 809/809/3007 776/776/3008
f 776/776/3009 809/809/3010 810/810/3011 777/777/3012
f 777/777/3013 810/810/3014 811/811/3015 778/778/3016
f 778/778/3017 811/811/3018 812/812/3019 779/779/3020
f 779/779/3021 812/812/3022 813/813/3023 780/780/3024
f 780/780/3025 813/813/3026 814/814/3027 781/781/3028
f 781/781/3029 814/814/3030 815/815/3031 782/782/3032
f 782/782/3033 815/815/3034 816/816/3035 783/783/3036
f 783/783/3037 816/816/3038 817/817/3039 784/784/3040
f 784/784/3041 817/817/3042 818/818/3043 785/785/3044
f 785/785/3045 818/818/3046 819/819/3047 786/786/3048
f 786/786/3049 819/819/3050 820/820/3051 787/787/3052
f 787/787/3053 820/820/3054 821/821/3055 788/788/3056
f 788/788/3057 821/821/3058 822/822/3059 789/789/3060
f 789/789/3061 822/822/3062 823/823/3063 790/790/3064
f 790/790/3065 823/823/3066 824/824/3067 791/791/3068
f 791/791/3069 824/824/3070 825/825/3071 792/792/3072
f 793/793/3073 826/826/3074 827/827/3075 794/794/3076
f 794/794/3077 827/827/3078 828/828/3079 795/795/3080
f 795/795/3081 828/828/3082 829/829/3083 796/796/3084
f 796/796/3085 829/829/3086 830/830/3087 797/797/3088
f 797/797/3089 830/830/3090 831/831/3091 798/798/3092
f 798/798/3093 831/831/3094 832/832/3095 799/799/3096
f 799/799/3097 832/832/3098 833/833/3099 800/800/3100
f 800/800/3101 833/833/3102 834/834/3103 801/801/3104
f 801/801/3105 834/834/3106 835/835/3107 802/802/3108
f 802/802/3109 835/835/3110 836/836/3111 803/803/3112
f 803/803/3113 836/836/3114 837/837/3115 804/804/3116
f 804/804/3117 837/837/3118 838/838/3119 805/805/3120
f 805/805/3121 838/838/3122 839/839/3123 806/806/3124
f 806/806/3125 839/839/3126 840/840/3127 807/807/3128
f 807/807/3129 840/840/3130 841/841/3131 808/808/3132
f 808/808/3133 841/841/3134 842/842/3135 809/809/3136
f 809/809/3137 842/842/3138 843/843/3139 810/810/3140
f 810/810/3141 843/843/3142 844/844/3143 811/811/3144
f 811/811/3145 844/844/3146 845/845/3147 812/812/3148
f 812/812/3149 845/845/3150 846/846/3151 813/813/3152
f 813/813/3153 846/846/3154 847/847/3155 814/814/3156
f 814/814/3157 847/847/3158 848/848/3159 815/815/3160
f 815/815/3161 848/848/3162 849/849/3163 816/816/3164
f 816/816/3165 849/849/3166 850/850/3167 817/817/3168
f 817/817/3169 850/850/3170 851/851/3171 818/818/3172
f 818/818/3173 851/851/3174 852/852/3175 819/819/3176
f 819/819/3177 852/852/3178 853/853/3179 820/820/3180
f 820/820/3181 853/853/3182 854/854/3183 821/821/3184
f 821/821/3185 854/854/3186 855/855/3187 822/822/3188
f 822/822/3189 855/855/3190 856/856/3191 823/823/3192
f 823/823/3193 856/856/3194 857/857/3195 824/824/3196
f 824/824/3197 857/857/3198 858/858/3199 825/825/3200
f 826/826/3201 859/859/3202 860/860/3203 827/827/3204
f 827/827/3205 860/860/3206 861/861/3207 828/828/3208
f 828/828/3209 861/861/3210 862/862/3211 829/829/3212
f 829/829/3213 862/862/3214 863/863/3215 830/830/3216
f 830/830/3217 863/863/3218 864/864/3219 831/831/3220
f 831/831/3221 864/864/3222 865/865/3223 832/832/3224
f 832/832/3225 865/865/3226 866/866/3227 833/833/3228
f 833/833/3229 866/866/3230 867/867/3231 834/834/3232
f 834/834/3233 867/867/3234 868/868/3235 835/835/3236
f 835/835/3237 868/868/3238 869/869/3239 836/836/3240
f 836/836/3241 869/869/3242 870/870/3243 837/837/3244
f 837/837/3245 870/870/3246 871/871/3247 838/838/3248
f 838/838/3249 871/871/3250 872/872/3251 839/839/3252
f 839/839/3253 872/872/3254 873/873/3255 840/840/3256
f 840/840/3257 873/873/3258 874/874/3259 841/841/3260
f 841/841/3261 874/874/3262 875/875/3263 842/842/3264
f 842/842/3265 875/875/3266 876/876/3267 843/843/3268
f 843/843/3269 876/876/3270 877/877/3271 844/844/3272
f 844/844/3273 877/877/3274 878/878/3275 845/845/3276
f 845/845/3277 878/878/3278 879/879/3279 846/846/3280
f 846/846/3281 879/879/3282 880/880/3283 847/847/3284
f 847/847/3285 880/880/3286 881/881/3287 848/848/3288
f 848/848/3289 881/881/3290 882/882/3291 849/849/3292
f 849/849/3293 882/882/3294 883/883/3295 850/850/3296
f 850/850/3297 883/883/3298 884/884/3299 851/851/3300
f 851/851/3301 884/884/3302 885/885/3303 852/852/3304
f 852/852/3305 885/885/3306 886/886/3307 853/853/3308
f 853/853/3309 886/886/3310 887/887/3311 854/854/3312
f 854/854/3313 887/887/3314 888/888/3315 855/855/3316
f 855/855/3317 888/888/3318 889/889/3319 856/856/3320
f 856/856/3321 889/889/3322 890/890/3323 857/857/3324
f 857/857/3325 890/890/3326 891/891/3327 858/858/3328
f 859/859/3329 892/892/3330 893/893/3331 860/860/3332
f 860/860/3333 893/893/3334 894/894/3335 861/861/3336
f 861/861/3337 894/894/3338 895/895/3339 862/862/3340
f 862/862/3341 895/895/3342 896/896/3343 863/863/3344
f 863/863/3345 896/896/3346 897/897/3347 864/864/3348
f 864/864/3349 897/897/3350 898/898/3351 865/865/3352
f 865/865/3353 898/898/3354 899/899/3355 866/866/3356
f 866/866/3357 899/899/3358 900/900/3359 867/867/3360
f 867/867/3361 900/900/3362 901/901/3363 868/868/3364
f 868/868/3365 901/901/3366 902/902/3367 869/869/3368
f 869/869/3369 902/902/3370 903/903/3371 870/870/3372
f 870/870/3373 903/903/3374 904/904/3375 871/871/3376
f 871/871/3377 904/904/3378 905/905/3379 872/872/3380
f 872/872/3381 905/905/3382 906/906/3383 873/873/3384
f 873/873/3385 906/906/3386 907/907/3387 874/874/3388
f 874/874/3389 907/907/3390 908/908/3391 875/875/3392
f 875/875/3393 908/908/3394 909/909/3395 876/876/3396
f 876/876/3397 909/909/3398 910/910/3399 877/877/3400
f 877/877/3401 910/910/3402 911/911/3403 878/878/3404
f 878/878/3405 911/911/3406 912/912/3407 879/879/3408
f 879/879/3409 912/912/3410 913/913/3411 880/880/3412
f 880/880/3413 913/913/3414 914/914/3415 881/881/3416
f 881/881/3417 914/914/3418 915/915/3419 882/882/3420
f 882/882/3421 915/915/3422 916/916/3423 883/883/3424
f 883/883/3425 916/916/3426 917/917/3427 884/884/3428
f 884/884/3429 917/917/3430 918/918/3431 885/885/3432
f 885/885/3433 918/918/3434 919/919/3435 886/886/3436
f 886/886/3437 919/919/3438 920/920/3439 887/887/3440
f 887/887/3441 920/920/3442 921/921/3443 888/888/3444
f 888/888/3445 921/921/3446 922/922/3447 889/889/3448
f 889/889/3449 922/922/3450 923/923/3451 890/890/3452
f 890/890/3453 923/923/3454 924/924/3455 891/891/3456
f 892/892/3457 925/925/3458 926/926/3459 893/893/3460
f 893/893/3461 926/926/3462 927/927/3463 894/894/3464
f 894/894/3465 927/927/3466 928/928/3467 895/895/3468
f 895/895/3469 928/928/3470 929/929/3471 896/896/3472
f 896/896/3473 929/929/3474 930/930/3475 897/897/3476
f 897/897/3477 930/930/3478 931/931/3479 898/898/3480
f 898/898/3481 931/931/3482 932/932/3483 899/899/3484
f 899/899/3485 932/932/3486 933/933/3487 900/900/3488
f 900/900/3489 933/933/3490 934/934/3491 901/901/3492
f 901/901/3493 934/934/3494 935/935/3495 902/902/3496
f 902/902/3497 935/935/3498 936/936/3499 903/903/3500
f 903/903/3501 936/936/3502 937/937/3503 904/904/3504
f 904/904/3505 937/937/3506 938/938/3507 905/905/3508
f 905/905/3509 938/938/3510 939/939/3511 906/906/3512
f 906/906/3513 939/939/3514 940/940/3515 907/907/3516
f 907/907/3517 940/940/3518 941/941/3519 908/908/3520
f 908/908/3521 941/941/3522 942/942/3523 909/909/3524
f 909/909/3525 942/942/3526 943/943/3527 910/910/3528
f 910/910/3529 943/943/3530 944/944/3531 911/911/3532
f 911/911/3533 944/944/3534 945/945/3535 912/912/3536
f 912/912/3537 945/945/3538 946/946/3539 913/913/3540
f 913/913/3541 946/946/3542 947/947/3543 914/914/3544
f 914/914/3545 947/947/3546 948/948/3547 915/915/3548
f 915/915/3549 948/948/3550 949/949/3551 916/916/3552
f 916/916/3553 949/949/3554 950/950/3555 917/917/3556
f 917/917/3557 950/950/3558 951/951/3559 918/918/3560
f 918/918/3561 951/951/3562 952/952/3563 919/919/3564
f 919/919/3565 952/952/3566 953/953/3567 920/920/3568
f 920/920/3569 953/953/3570 954/954/3571 921/921/3572
f 921/921/3573 954/954/3574 955/955/3575 922/922/3576
f 922/922/3577 955/955/3578 956/956/3579 923/923/3580
f 923/923/3581 956/956/3582 957/957/3583 924/924/3584
f 925/925/3585 958/958/3586 959/959/3587 926/926/3588
f 926/926/3589 959/959/3590 960/960/3591 927/927/3592
f 927/927/3593 960/960/3594 961/961/3595 928/928/3596
f 928/928/3597 961/961/3598 962/962/3599 929/929/3600
f 929/929/3601 962/962/3602 963/963/3603 930/930/3604
f 930/930/3605 963/963/3606 964/964/3607 931/931/3608
f 931/931/3609 964/964/3610 965/965/3611 932/932/3612
f 932/932/3613 965/965/3614 966/966/3615 933/933/3616
f 933/933/3617 966/966/3618 967/967/3619 934/934/3620
f 934/934/3621 967/967/3622 968/968/3623 935/935/3624
f 935/935/3625 968/968/3626 969/969/3627 936/936/3628
f 936/936/3629 969/969/3630 970/970/3631 937/937/3632
f 937/937/3633 970/970/3634 971/971/3635 938/938/3636
f 938/938/3637 971/971/3638 972/972/3639 939/939/3640
f 939/939/3641 972/972/3642 973/973/3643 940/940/3644
f 940/940/3645 973/973/3646 974/974/3647 941/941/3648
f 941/941/3649 974/974/3650 975/975/3651 942/942/3652
f 942/942/3653 975/975/3654 976/976/3655 943/943/3656
f 943/943/3657 976/976/3658 977/977/3659 944/944/3660
f 944/944/3661 977/977/3662 978/978/3663 945/945/3664
f 945/945/3665 978/978/3666 979/979/3667 946/946/3668
f 946/946/3669 979/979/3670 980/980/3671 947/947/3672
f 947/947/3673 980/980/3674 981/981/3675 948/948/3676
f 948/948/3677 981/981/3678 982/982/3679 949/949/3680
f 949/949/3681 982/982/3682 983/983/3683 950/950/3684
f 950/950/3685 983/983/3686 984/984/3687 951/951/3688
f 951/951/3689 984/984/3690 985/985/3691 952/952/3692
f 952/952/3693 985/985/3694 986/986/3695 953/953/3696
f 953/953/3697 986/986/3698 987/987/3699 954/954/3700
f 954/954/3701 987/987/3702 988/988/3703 955/955/3704
f 955/955/3705 988/988/3706 989/989/3707 956/956/3708
f 956/956/3709 989/989/3710 990/990/3711 957/957/3712
f 958/958/3713 991/991/3714 992/992/3715 959/959/3716
f 959/959/3717 992/992/3718 993/993/3719 960/960/3720
f 960/960/3721 993/993/3722 994/994/3723 961/961/3724
f 961/961/3725 994/994/3726 995/995/3727 962/962/3728
f 962/962/3729 995/995/3730 996/996/3731 963/963/3732
f 963/963/3733 996/996/3734 997/997/3735 964/964/3736
f 964/964/3737 997/997/3738 998/998/3739 965/965/3740
f 965/965/3741 998/998/3742 999/999/3743 966/966/3744
f 966/966/3745 999/999/3746 1000/1000/3747 967/967/3748
f 967/967/3749 1000/1000/3750 1001/1001/3751 968/968/3752
f 968/968/3753 1001/1001/3754 1002/1002/3755 969/969/3756
f 969/969/3757 1002/1002/3758 1003/1003/3759 970/970/3760
f 970/970/3761 1003/1003/3762 1004/1004/3763 971/971/3764
f 971/971/3765 1004/1004/3766 1005/1005/3767 972/972/3768
f 972/972/3769 1005/1005/3770 1006/1006/3771 973/973/3772
f 973/973/3773 1006/1006/3774 1007/1007/3775 974/974/3776
f 974/974/3777 1007/1007/3778 1008/1008/3779 975/975/3780
f 975/975/3781 1008/1008/3782 1009/1009/3783 976/976/3784
f 976/976/3785 1009/1009/3786 1010/1010/3787 977/977/3788
f 977/977/3789 1010/1010/3790 1011/1011/3791 978/978/3792
f 978/978/3793 1011/1011/3794 1012/1012/3795 979/979/3796
f 979/979/3797 1012/1012/3798 1013/1013/3799 980/980/3800
f 980/980/3801 1013/1013/3802 1014/1014/3803 981/981/3804
f 981/981/3805 1014/1014/3806 1015/1015/3807 982/982/3808
f 982/982/3809 1015/1015/3810 1016/1016/3811 983/983/3812
f 983/983/3813 1016/1016/3814 1017/1017/3815 984/984/3816
f 984/984/3817 1017/1017/3818 1018/1018/3819 985/985/3820
f 985/985/3821 1018/1018/3822 1019/1019/3823 986/986/3824
f 986/986/3825 1019/1019/3826 1020/1020/3827 987/987/3828
f 987/987/3829 1020/1020/3830 1021/1021/3831 988/988/3832
f 988/988/3833 1021/1021/3834 1022/1022/3835 989/989/3836
f 989/989/3837 1022/1022/3838 1023/1023/3839 990/990/3840
f 991/991/3841 1024/1024/3842 1025/1025/3843 992/992/3844
f 992/992/3845 1025/1025/3846 1026/1026/3847 993/993/3848
f 993/993/3849 1026/1026/3850 1027/1027/3851 994/994/3852
f 994/994/3853 1027/1027/3854 1028/1028/3855 995/995/3856
f 995/995/3857 1028/1028/3858 1029/1029/3859 996/996/3860
f 996/996/3861 1029/1029/3862 1030/1030/3863 997/997/3864
f 997/997/3865 1030/1030/3866 1031/1031/3867 998/998/3868
f 998/998/3869 1031/1031/3870 1032/1032/3871 999/999/3872
f 999/999/3873 1032/1032/3874 1033/1033/3875 1000/1000/3876
f 1000/1000/3877 1033/1033/3878 1034/1034/3879 1001/1001/3880
f 1001/1001/3881 1034/1034/3882 1035/1035/3883 1002/1002/3884
f 1002/1002/3885 1035/1035/3886 1036/1036/3887 1003/1003/3888
f 1003/1003/3889 1036/1036/3890 1037/1037/3891 1004/1004/3892
f 1004/1004/3893 1037/1037/3894 1038/1038/3895 1005/1005/3896
f 1005/1005/3897 1038/1038/3898 1039/1039/3899 1006/1006/3900
f 1006/1006/3901 1039/1039/3902 1040/1040/3903 1007/1007/3904
f 1007/1007/3905 1040/1040/3906 1041/1041/3907 1008/1008/3908
f 1008/1008/3909 1041/1041/3910 1042/1042/3911 1009/1009/3912
f 1009/1009/3913 1042/1042/3914 1043/1043/3915 1010/1010/3916
f 1010/1010/3917 1043/1043/3918 1044/1044/3919 1011/1011/3920
f 1011/1011/3921 1044/1044/3922 1045/1045/3923 1012/1012/3924
f 1012/1012/3925 1045/1045/3926 1046/1046/3927 1013/1013/3928
f 1013/1013/3929 1046/1046/3930 1047/1047/3931 1014/1014/3932
f 1014/1014/3933 1047/1047/3934 1048/1048/3935 1015/1015/3936
f 1015/1015/3937 1048/1048/3938 1049/1049/3939 1016/1016/3940
f 1016/1016/3941 1049/1049/3942 1050/1050/3943 1017/1017/3944
f 1017/1017/3945 1050/1050/3946 1051/1051/3947 1018/1018/3948
f 1018/1018/3949 1051/1051/3950 1052/1052/3951 1019/1019/3952
f 1019/1019/3953 1052/1052/3954 1053/1053/3955 1020/1020/3956
f 1020/1020/3957 1053/1053/3958 1054/1054/3959 1021/1021/3960
f 1021/1021/3961 1054/1054/3962 1055/1055/3963 1022/1022/3964
f 1022/1022/3965 1055/1055/3966 1056/1056/3967 1023/1023/3968
f 1024/1024/3969 1057/1057/3970 1058/1058/3971 1025/1025/3972
f 1025/1025/3973 1058/1058/3974 1059/1059/3975 1026/1026/3976
f 1026/1026/3977 1059/1059/3978 1060/1060/3979 1027/1027/3980
f 1027/1027/3981 1060/1060/3982 1061/1061/3983 1028/1028/3984
f 1028/1028/3985 1061/1061/3986 1062/1062/3987 1029/1029/3988
f 1029/1029/3989 1062/1062/3990 1063/1063/3991 1030/1030/3992
f 1030/1030/3993 1063/1063/3994 1064/1064/3995 1031/1031/3996
f 1031/1031/3997 1064/1064/3998 1065/1065/3999 1032/1032/4000
f 1032/1032/4001 1065/1065/4002 1066/1066/4003 1033/1033/4004
f 1033/1033/4005 1066/1066/4006 1067/1067/4007 1034/1034/4008
f 1034/1034/4009 1067/1067/4010 1068/1068/4011 1035/1035/4012
f 1035/1035/4013 1068/1068/4014 1069/1069/4015 1036/1036/4016
f 1036/1036/4017 1069/1069/4018 1070/1070/4019 1037/1037/4020
f 1037/1037/4021 1070/1070/4022 1071/1071/4023 1038/1038/4024
f 1038/1038/4025 1071/1071/4026 1072/1072/4027 1039/1039/4028
f 1039/1039/4029 1072/1072/4030 1073/1073/4031 1040/1040/4032
f 1040/1040/4033 1073/1073/4034 1074/1074/4035 1041/1041/4036
f 1041/1041/4037 1074/1074/4038 1075/1075/4039 1042/1042/4040
f 1042/1042/4041 1075/1075/4042 1076/1076/4043 1043/1043/4044
f 1043/1043/4045 1076/1076/4046 1077/1077/4047 1044/1044/4048
f 1044/1044/4049 1077/1077/4050 1078/1078/4051 1045/1045/4052
f 1045/1045/4053 1078/1078/4054 1079/1079/4055 1046/1046/4056
f 1046/1046/4057 1079/1079/4058 1080/1080/4059 1047/1047/4060
f 1047/1047/4061 1080/1080/4062 1081/1081/4063 1048/1048/4064
f 1048/1048/4065 1081/1081/4066 1082/1082/4067 1049/1049/4068
f 1049/1049/4069 1082/1082/4070 1083/1083/4071 1050/1050/4072
f 1050/1050/4073 1083/1083/4074 1084/1084/4075 1051/1051/4076
f 1051/1051/4077 1084/1084/4078 1085/1085/4079 1052/1052/4080
f 1052/1052/4081 1085/1085/4082 1086/1086/4083 1053/1053/4084
f 1053/1053/4085 1086/1086/4086 1087/1087/4087 1054/1054/4088
f 1054/1054/4089 1087/1087/4090 1088/1088/4091 1055/1055/4092
f 1055/1055/4093 1088/1088/4094 1089/1089/4095 1056/1056/4096
